,NAME,TEAM,elo
1,Tyler Day,Northern Arizona,1421.269993
2,Lawrence Kipkoech,Campbell,1398.238477
3,Aidan Tooker,Syracuse,1394.515146
4,Grant Fisher,Stanford,1389.248507
5,Alex Ostberg,Stanford,1389.103563
6,Amon Kemboi,Campbell,1384.060566
7,James Sugira,Eastern Kentucky,1380.452598
8,Aaron Templeton,Furman,1377.559246
9,Alek Parsons,Stanford,1375.369768
10,Peter Lomong,Northern Arizona,1369.756287
11,Paul Roberts,Wyoming,1365.002261
12,Rory Linkletter,BYU,1364.966855
13,Conner Mantz,BYU,1361.864003
14,Matthew Baxter,Northern Arizona,1361.021325
15,Connor McMillan,BYU,1359.53156
16,Talon Hull,Washington,1358.993269
17,Brent Demarest,Virginia,1358.40495
18,Joe Klecker,Colorado,1354.327829
19,Jaret Carpenter,Purdue,1350.282251
20,Tanner Anderson,Washington,1346.314692
21,Tibebu Proctor,Washington,1345.008271
22,Yared Nuguse,Notre Dame,1344.542704
23,John Dressel,Colorado,1342.399721
24,Blaise Ferro,Northern Arizona,1341.531446
25,Chris Olley,San Francisco,1341.479073
26,Luis Grijalva,Northern Arizona,1335.388846
27,Clayson Shumway,BYU,1333.253416
28,Ryan Forsyth,Colorado,1332.408154
29,Geordie Beamish,Northern Arizona,1331.032401
30,Morgan McDonald,Wisconsin,1330.406519
31,Aidan Reed,Southern Utah,1323.654341
32,Peter Seufer,Virginia Tech,1320.885888
33,Mickey Davey,Air Force,1318.020519
34,Eric Hamer,Colorado St.,1316.969389
35,Cole Rockhold,Colorado St.,1316.56787
36,Casey Comber,Villanova,1313.669737
37,Zach Facioni,Wake Forest,1312.870365
38,Nick Hauger,Portland,1304.951933
39,Kyle Mau,Indiana,1304.292541
40,Waleed Suliman,Ole Miss,1304.113406
41,Edwin Kurgat,Iowa State,1301.398588
42,Carson Hume,Colorado St.,1290.557613
43,Andrew Marston,Villanova,1289.618671
44,Alfred Chelanga,Alabama,1289.544592
45,Gilbert Boit,Arkansas,1285.965537
46,Emmanuel Cheboson,Louisville,1284.77358
47,Jose Pina,San Jose St.,1282.738084
48,AJ Ernst,Virginia,1280.232493
49,Cameron Griffith,Arkansas,1279.856033
50,Chandler Teigen,Washington St.,1279.662104
51,Oliver Hoare,Wisconsin,1273.870097
52,Christian Ricketts,Southern Utah,1273.671918
53,Jacob Heslington,BYU,1273.467325
54,Tai Dinger,Stanford,1272.938323
55,Joe Dragon,Syracuse,1272.347415
56,Carlos Villarreal,Arizona,1272.111762
57,James West,Oregon,1270.918145
58,Noah Affolder,Syracuse,1267.118894
59,Conor Lundy,Princeton,1267.104272
60,Farah Abdulkarim,Ole Miss,1266.889743
61,Kevin James,Syracuse,1261.811713
62,George Kusche,Nebraska,1261.804357
63,Clayton Young,BYU,1261.095497
64,Jacob McLeod,Belmont,1257.287899
65,Garrett Reynolds,UCLA,1256.57582
66,Colin Burke,UCLA,1252.944579
67,Ryan Raff,Northern Arizona,1251.988963
68,Christopher Henry,Wyoming,1250.152488
69,Ari Klau,Virginia,1246.794422
70,Gannon Willcutts,Princeton,1246.222874
71,Ashenafi Hatte,Oklahoma State,1246.008134
72,Eduardo Herrera,Colorado,1240.931436
73,Cooper Teare,Oregon,1237.290869
74,Charlie Hunter,Oregon,1237.18517
75,Andrew Alexander,Notre Dame,1236.617887
76,Ryan Adams,Furman,1235.837624
77,Curt Eckstein,Purdue,1235.524781
78,Colin Abert,Penn State,1233.800711
79,Callum Bolger,Stanford,1229.545935
80,Matt Grossman,Princeton,1229.489553
81,Michael Coccia,Ole Miss,1229.027089
82,Jack Van Scoter,Georgetown,1227.798486
83,Gilbert Kigen,Alabama,1227.05624
84,Justine Kiprotich,Michigan State,1226.147573
85,Robert Brandt,Unattached,1226.110842
86,Azaria Kirwa,Liberty,1225.967985
87,Jaime Romo,Eastern Kentucky,1225.886853
88,Trevor Siniscalchi,Air Force,1225.747776
89,Kevin Lynch,Utah Valley,1225.330406
90,Tyler Italiano,Columbia,1224.639553
91,Erick Rotich,Eastern Kentucky,1224.568554
92,Nicholas Wareham,Georgetown,1224.138913
93,David Corrales,Eastern Kentucky,1223.795401
94,Meshack Kipchirchir,Hofstra,1223.405513
95,Kristian Holm Jensen,Temple,1223.089825
96,Danny Kilrea,Notre Dame,1222.84294
97,Brian Schulz,UC Santa Barbara,1222.346684
98,Sydney Gidabuday,Adams State,1221.160842
99,Jeremy Spiezio,Princeton,1219.910582
100,Patrick Begley,Connecticut,1219.814553
101,Sean Burke,Boston College,1219.518424
102,Ben Young,Kentucky,1218.332198
103,Yusuke Uchikoshi,Boise State,1217.63124
104,Mark Robertson,Ole Miss,1217.509778
105,Hugo Milner,Harvard,1216.842985
106,Jackson Mestler,Oregon,1215.644297
107,Alex Corbett,Virginia,1215.532347
108,Ehab El-Sandali,Iona,1212.737991
109,Caleb Webb,Portland,1212.61914
110,Ian Shanklin,North Carolina St.,1212.541879
111,Michael Somers,Portland,1212.292985
112,Alec Basten,Minnesota,1209.372285
113,Harry Ewing,Wyoming,1207.060792
114,Louis Corgliano,Temple,1206.383632
115,Ben Eidenschink,Wisconsin,1205.936505
116,Liam Dee,Iona,1205.836189
117,Kyle Mueller,Monmouth,1205.489553
118,Mario Garcia Romo,Ole Miss,1204.006252
119,Randy Neish,Virginia,1203.3712
120,Iliass Aouani,Syracuse,1201.195097
121,Brody Smith,Purdue,1200.206944
122,Kyle Mattes,Illinois State,1197.381728
123,Anthony Williams,Notre Dame,1196.918088
124,Elias Gedyon,Adams State,1196.785842
125,Ed Trippas,Princeton,1195.258835
126,Olin Hacker,Wisconsin,1194.48124
127,D.J. Principe,Stanford,1191.985842
128,James Mwaura,Gonzaga,1189.916206
129,Jamie Crowe,Lamar,1188.130513
130,Brayden McLelland,BYU,1187.61513
131,Golbiowski Nick,North Carolina,1187.245097
132,Josh Park,Ohio,1186.763814
133,Kieran Wood,Missouri,1185.473426
134,Nate Osterstock,Southern Utah,1184.697601
135,Julius Diehr,Washington,1182.645097
136,Zach Seiger,Temple,1182.015145
137,Kyle Brackman,Connecticut,1181.989553
138,Ryan Murphy,Arkansas,1180.740774
139,Ty Mogan,Montana State,1180.206336
140,Cameron Avery,Stony Brook,1178.070097
141,Justin Robison,Cal Poly,1177.735842
142,Brian Zabilski,Columbia,1177.364553
143,Festus Lagat,Iowa State,1176.33124
144,Ryan Sullivan,Youngstown St.,1174.371204
145,Blake Haney,Oregon,1173.317321
146,Cade Bethmann,Ole Miss,1172.12189
147,Miler Haller,Boise State,1171.029104
148,Caleb Pottorff,Florida State,1170.651968
149,Daniel Carney,BYU,1169.941859
150,Fred Huxham,Washington,1169.737611
151,Andrew Jordan,Iowa State,1169.399633
152,Mitch Resor,North Carolina,1168.995097
153,Evan Jameson,Cal Poly,1168.958287
154,Matt Leach,Strava TC,1168.410842
155,Cordon Louco,Duquesne,1167.988641
156,Nick Wolk,Pittsburgh,1167.76993
157,Mahmoud Moussa,Washington,1167.730404
158,Dustin Hatfield,Eastern Illinois,1165.136092
159,George Gleason,UCLA,1163.785842
160,Zachary Michon,St. Joseph's (Pa.),1163.639553
161,Garrett Corcoran,California,1163.176946
162,Addison DeHaven,Boise State,1162.705235
163,Rohann Asfaw,Virginia,1160.798112
164,Chris Morzenti,UCLA,1159.185842
165,Craig Huff,San Jose St.,1156.402743
166,Daniel Bernal,Furman,1155.049038
167,Michael Vernau,Stanford,1154.977128
168,Kenny Vasbinder,Columbia,1154.614553
169,Cole Smith,UCLA,1154.610842
170,TIMOTHY McGOWAN,UNA PSU,1154.388814
171,Zach Long,Tennessee,1153.586859
172,David Krahn,Princeton,1151.30082
173,Josh Phillips,Villanova,1151.28416
174,Caleb Covell,Buffalo,1150.139553
175,Jake Ritter,Cal Poly,1150.060842
176,Charlie O'Donovan,Villanova,1149.9399
177,Jamie Dee,Iona,1149.80624
178,Jeffrey Kirshenbaum,Lehigh,1148.961701
179,Dan Curts,Iowa State,1147.708966
180,Nathan Thomas,Air Force,1147.167294
181,Kieran Tuntivate,Harvard,1146.767985
182,Paul Luevano,Boston U.,1146.645097
183,Nathan Mylenek,Iowa,1145.98455
184,Matthew Thomas,Michigan State,1145.853324
185,Joshua Joseph,Adams State,1145.535842
186,Daniel Hintz,Wyoming,1143.338631
187,Mick Stanovsek,Washington,1142.245097
188,Dominic Hockenbury,Syracuse,1141.726772
189,Eric van der Els,Connecticut,1141.239553
190,Meika Beaudoin-Rousseau,UNA-Stanford,1141.035842
191,Avery Bartlett,Georgia Tech,1140.554082
192,Akis Medrano,Indiana State,1139.790667
193,Emmanuel Rotich,Tulane,1138.392985
194,Jeremy Brown,North Carolina,1137.870097
195,Tom Nobles,Charlotte,1136.171134
196,Christopher Torpy,Miami (Ohio),1136.120083
197,Kelvin Kirui,Campbell,1133.925454
198,Manuel de Backer,Saint Louis,1133.85
199,Shuaib Aljabaly,Wisconsin,1133.630513
200,Ahmed Muhumed,Boise State,1133.018468
201,Ibrahim Kedir,La Salle,1132.414553
202,Salvador Capetillo,Mt. SAC,1132.110842
203,Jordan Rowe,Lamar,1129.580513
204,Vann Moffett,Stony Brook,1129.195097
205,Boaz Ronoh,UTEP,1128.975
206,Ethan Gonzales,Colorado,1128.834944
207,Andy Snyder,Washington,1128.799509
208,Jackson Cronin,George Washington,1128.039553
209,Elijah Moskowitz,North Carolina St.,1127.924069
210,Kale Adams,Adams State,1127.685842
211,Dustin Horter,Indiana,1127.220961
212,Garrett Marsing,BYU,1126.838834
213,Kyle Havriliak,Northern Arizona,1125.134598
214,Luke Beattie,Utah State,1124.179451
215,Cornelius Kapel,UTEP,1124.15
216,Zac Jacklin,BYU,1123.846032
217,Trent Lancaster,George Mason,1123.689553
218,John Carter Blunt,UCLA,1123.285842
219,Matt Young,Arkansas,1123.238814
220,Patrick O'Brien,Dartmouth,1123.04679
221,Kyle Thompson,Gonzaga,1121.555513
222,David Rosas,Providence,1120.620097
223,Rodgers Korir,UTEP,1119.35
224,Wyatt Diderickson,Idaho State,1119.284557
225,Brennan Fields,Kentucky,1118.888814
226,Kevin Salvano,Notre Dame,1117.632216
227,Nicholas Laccinole,Washington,1116.370097
228,Mark Freyhof,Nebraska,1116.252342
229,Paul Power,Villanova,1115.092537
230,Matthew Rainey,American,1115.064553
231,Ben Holland,Cal Poly,1114.585842
232,Perrin Hagge,Princeton,1114.135548
233,Kramer Morton,BYU,1114.072828
234,Quinn Cooney,Dartmouth,1113.440337
235,Daniel Soto,Iowa,1113.316859
236,Antoine Senard,Eastern Kentucky,1112.635539
237,Andrew Kent,Georgia Tech,1112.145097
238,Stuart McCallum,Portland,1111.245206
239,Josh Maier,Southern Illinois,1110.611998
240,Daniel Mountcastle,UC Santa Barbara,1110.285842
241,Michael Kiernan,Quinnipiac,1110.194128
242,Alan Burns,Youngstown St.,1109.85
243,Tyler Keslin,Notre Dame,1108.841859
244,John Aho,Michigan,1108.249295
245,Amir Ado,Washington St.,1108.244634
246,Toby Cooke,New Mexico,1107.936857
247,Mitchell Day,Wake Forest,1107.76982
248,Emmanuel Roudolff-Levisse,Portland,1107.40624
249,Blair Hurlock,Stanford,1106.010842
250,John Nownes,UNIA,1105.686998
251,Chris Negri,Dayton,1104.391859
252,Simon Smith,Syracuse,1104.368786
253,El Hocine Bouchrak,High Point,1103.684519
254,Gavin Gaynor,North Carolina St.,1103.405629
255,Derick Peters,Wisconsin,1102.844073
256,Collin Crilly,St. Joseph's (Pa.),1102.314553
257,Gavin Parpart,Washington,1102.312521
258,Nikhil Pulimood,Duke,1101.805513
259,Trelani Waters,Hoka Aggies,1101.760842
260,ROBBY CREESE,UNA,1101.738814
261,Elijah Armstrong,Boise State,1101.24351
262,Luke Anderson,Central Michigan,1100.55
263,Jacob Bilvado,Air Force,1100.407882
264,Peter Hogan,Gonzaga,1099.872018
265,Reuben Kiprono,Portland,1098.785896
266,Ryan James,La Salle,1098.114553
267,Albert Kosgei,Louisville,1097.842985
268,Huruy Zeratsion,San Jose St.,1097.535842
269,Joseph Murphy,Indiana,1095.986998
270,Ben Naeger,Saint Louis,1095.975
271,Martin Barr,Villanova,1095.667759
272,Spencer Danielson,Dayton,1095.591859
273,Franco Martins,Brown,1095.495097
274,Kevin Lapsansky,Temple,1094.256622
275,Luke Coulter,Stony Brook,1093.914553
276,Logan Marshall,Cal Poly,1093.335842
277,Jordan Hewitt,Michigan,1092.462888
278,Jeff Lautenslager,Boise State,1091.519992
279,Ben Varghese,East Tenn. St.,1091.461744
280,Silas Kipngetich,Auburn,1091.391549
281,Justin Domanque,UT-Arlington,1091.241859
282,Elliot Gindi,Northern Arizona,1091.211998
283,Patrick Spychalski,Unattached,1089.739553
284,Millen Trujillo,UCLA,1089.160842
285,Nate Beamer,Washington,1087.320097
286,Colt Griffith,Clemson,1086.975
287,Dillon Dean,Samford,1086.636744
288,Ethan Moehn,Arkansas,1086.480538
289,Christian Liddell,Georgetown,1085.63863
290,Kyle Barber,Connecticut,1085.589553
291,Alex Merder,Cal Poly,1085.010842
292,Mason Coppi,Furman,1084.784638
293,Tyson Green,Weber State,1083.307039
294,Forrest Barton,Colorado St.,1082.975
295,Jake Ogden,Furman,1082.87494
296,Jack Rowe,San Francisco,1082.784058
297,Tyler Johnson,Calvin,1082.525
298,Andrew Cooper,Washington St.,1081.886998
299,Jonathan Schloth,George Mason,1081.464553
300,Connor Weaver,BYU,1081.432562
301,Euan Makepeace,Butler,1081.023407
302,Andrew Ehrenberg,UCLA,1080.885842
303,Anthony Russo,Penn,1080.838814
304,Brodie Modini,North Carolina,1079.245097
305,Noah Schutte,Portland,1079.05624
306,Adam Hendrickson,Utah State,1078.755513
307,Cody Baele,Illinois State,1078.41716
308,Jacob Stone,Weber State,1078.391859
309,Marcus Skinner,Eastern Illinois,1078.1
310,Jack Yearian,Oregon,1077.583576
311,Sam Ritz,Columbia,1077.364553
312,Kyler Little,Washington St.,1077.311998
313,Edwin Rutto,North Carolina St.,1077.073288
314,Alex Crigger,Tennessee,1077.012424
315,Mikey Giguere,Cal Poly,1076.785842
316,Karl Thiessen,Tennessee,1075.526528
317,Rob Morro,Villanova,1074.219563
318,Jonathan Ellis,Calvin,1073.725
319,Isai Rodriguez,Oklahoma State,1073.468409
320,Alex Milligan,North Carolina,1073.32549
321,Greg Fusco,Cornell,1073.289553
322,Alex Miley,Duke,1073.285066
323,Hunter Gilbert,Campbell,1073.117927
324,Joey DeFeo,Northern Arizona,1072.786998
325,Nathan Wadhwani,Washington St.,1072.62928
326,Matthew Pereira,Harvard,1072.627892
327,Dan Romano,Northeastern,1071.245097
328,Brannon Cheplak,Tennessee Tech,1069.780264
329,Eric Coston,LSU,1069.4
330,Michael McGonnigle,Connecticut,1069.239553
331,Morgan Beadlescomb,Unattached,1068.85
332,Bryce Quigley,Oklahoma State,1068.311998
333,Christian Allen,Weber State,1067.563894
334,Paul Hogan,UMass Lowell,1067.505513
335,Matthew Novak,Virginia,1067.270097
336,Nathan Henderson,Syracuse,1065.934601
337,Andy Weber,George Washington,1065.214553
338,Riad Rababeh,Central Michigan,1065.125
339,Artin Allahverdian,UCLA,1064.635842
340,Patrick Schaefer,Kentucky,1064.511532
341,Johnny Pace,Virginia,1064.488814
342,Evan Ferlic,Minnesota,1064.401017
343,JP Flavin,Dayton,1064.356793
344,Michael Watts,Stony Brook,1063.320097
345,Isaac Harding,Michigan,1062.19076
346,Zach Boone,UNC-Asheville,1062.059519
347,Garett Cortez,Incarnate Word,1061.766859
348,Christian Kazanjian,Duquesne,1060.9
349,Rowan Doherty,Simon Fraser,1060.660842
350,Tyson Miehe,Wisconsin,1059.776457
351,Daniel Pederson,Marquette,1059.6807
352,Liam Conway,UNA-Stanford,1058.671684
353,Joe Bistritz,North Carolina St.,1058.57646
354,Spencer Smucker,High Point,1057.684519
355,Steven Cross,Florida State,1057.3986
356,Hunter Boyer,Air Force,1057.342341
357,Tomas Reimer,Cornell,1057.239553
358,Cam Trout,Indiana State,1056.725
359,Luis Chavez,San Jose St.,1056.710842
360,Sam Lomax,Portland,1056.009071
361,Alexander Kushen,Dartmouth,1055.495097
362,Mark Middleton,Tulsa,1055.186998
363,Noah Charles,East Tenn. St.,1054.561744
364,Michael Ottesen,BYU,1054.475
365,Thomas Little,UNC-Asheville,1053.359519
366,Liam Purdy,American,1053.289553
367,Toby Hardwick,Florida State,1053.285066
368,Cameron Proceviat,Unattached,1052.785842
369,Caleb Ferguson,Calvin,1052.6
370,Davone Hernandez,VMI,1050.236744
371,Dallin Farnsworth,BYU,1049.875
372,Ryan Mitchell,Monmouth,1049.339553
373,Sage Turner,UNC-Asheville,1049.084519
374,Clayton Mendez,UNA-Stanford,1048.885842
375,Jacob Perry,Texas A&M,1048.622948
376,Bashir Mosavel-Lo,Virginia Tech,1048.538814
377,TJ Sugg,Baylor,1048.5
378,Cooper Teare,Una-7,1047.487624
379,Ryan Ford,Tennessee-Martin,1046.987436
380,Trent Powell,Colorado St.,1046.925
381,Ben Bryant,Samford,1045.961744
382,Chase Cayo,South Dakota St.,1045.605513
383,Benjamin Doiron,American,1045.414553
384,Brandon Garnica,BYU,1045.35
385,Xian Shively,Unattached,1045.010842
386,Joe Limo,Radford,1044.859519
387,Mark Beckmann,Central Michigan,1044.425
388,Remi Schyns,Eastern Kentucky,1043.967118
389,Henry Raymond,Dartmouth,1043.945097
390,ABABU MOHAMMED,Tennessee Tech,1043.680264
391,Andres Sandoval,Sacramento St.,1043.528576
392,Bryce Millar,Indiana,1043.285213
393,Zach Swenson,Villanova,1042.987994
394,Satchel Caldwell,Colorado St.,1042.7
395,Harry Powell,Temple,1042.33256
396,Michael Downey,Wyoming,1042.203836
397,Owen Bailey,Samford,1041.761744
398,Dan Schumacher,Columbia,1041.514553
399,Danny Dominguez,Adams State,1041.160842
400,Danny Kilrea,Unattached,1040.9
401,Ben Fleming,Virginia Tech,1040.713814
402,Siro Pina Cardona,High Point,1040.684519
403,Taylor Dillon,Weber State,1040.582341
404,Colin Schaefer,Florida,1040.497948
405,Justin Varineau,Calvin,1040.4
406,Justin Moakler,Morehead State,1039.505264
407,Kody Gould,Utah State,1039.429647
408,Evert Silva,Portland,1038.92429
409,Milo Greder,Iowa State,1038.784757
410,Justin Hazell,Una-8,1038.187624
411,Jon Klaiber,Marquette,1038.0557
412,Viraj Deokar,Princeton,1037.639553
413,Matthew Scarr,East Tenn. St.,1037.636744
414,Munir Kabbara,UCLA,1037.335842
415,Will Battershill,Harvard,1037.317985
416,Jonathan Johnson,USC Upstate,1036.559519
417,Porter Reddish,BYU,1036.55
418,Chandler Lorf,Central Michigan,1036.425
419,Zach Lefever,Pittsburgh,1036.370097
420,Aaron Wier,Morehead State,1035.355264
421,Skylar Ovnicek,Idaho,1035.353576
422,MICHAEL MOONEY,Unattached,1034.425
423,Tristan Peloquin,Portland,1033.687624
424,Adam Bradtmueller,East Tenn. St.,1033.561744
425,Pierre-Louis Detourbe,Simon Fraser,1033.535842
426,Alec Schrank,Air Force,1033.045372
427,Jacob Lee,Michigan,1032.98124
428,Matt Inman,Charleston Southern,1032.847736
429,Sam Worley,Texas,1032.765578
430,Alexander Seal,Boston U.,1032.620097
431,Jacob Slann,Clemson,1032.5
432,TJ Morales,High Point,1032.484519
433,Matthew Carmody,Unattached,1032.3
434,Jack Salisbury,Georgetown,1031.788474
435,Jacob Brueckman,Colorado St.,1031.406687
436,Levi Thomet,Oregon,1031.24726
437,Koby Pederson,Loyola Marymount,1031.12429
438,Riley Osen,Portland,1030.741845
439,BROCK DYKEMA,Unattached,1030.4
440,Cooper Teare,UNATTACHED-5,1030.25
441,Connor Ferrentino,Alabama,1030.158528
442,Daryn Hutchings,Binghamton,1029.964553
443,Paddy Robb,Adams State,1029.760842
444,Soresa Gemechu,East Tenn. St.,1029.561744
445,Joe Horen,Portland,1029.312624
446,Owen Ritz,Dartmouth,1028.895097
447,Cameron Ponder,Furman,1028.719243
448,Tyler Polman,Youngstown St.,1028.625
449,Andrew Castano,USC Upstate,1028.459519
450,Dylan Jacobs,Unattached,1028.125
451,Fitsum Seyoum,Virginia Tech,1028.019183
452,Yacine Guermali,Gonzaga,1027.781981
453,Benjamin Scamihorn,SIU Edwardsville,1027.155264
454,Ben Hill,Michigan,1027.063938
455,Coen Haroldson,Utah State,1026.929647
456,Bradley Wattleworth,Notre Dame,1026.724112
457,Aldo Marquez,Northern Arizona,1026.436998
458,Justin Weber,Air Force,1026.425
459,Jack Daly,St. Joseph's (Pa.),1026.164553
460,Luke Meade,Furman,1025.636744
461,Peter Allegre,Portland,1025.512938
462,Greg Mangarelli,Stony Brook,1025.195097
463,Winter Romeyn,Michigan State,1025.129924
464,Reed Brown,Una-2,1025.062624
465,Addison Smith,Calvin,1024.8
466,Juan Cisneros,Radford,1024.484519
467,Colin O'Mara,Arkansas,1024.344541
468,Meshack Kipruto,Campbell,1024.105012
469,Jeryck Wilson,Charleston Southern,1024.072106
470,Abdi Ahmed,Unattached,1024.025
471,Fabian Cardenas,Idaho,1023.578576
472,Aaron Groff,Penn,1023.577998
473,Michael Teran-Solano,Portland,1023.54929
474,Braeden Collins,Georgia Tech,1022.71027
475,Jerald Taylor,Wyoming,1022.5
476,Liam Hilbert,Buffalo,1022.389553
477,Anthony Benitez,Unattached,1022.335842
478,Jack Aho,Michigan,1021.95624
479,Jordan Bostian,Western Carolina,1021.761744
480,Charlie Hunter,Unattached,1021.675
481,Jamison Koeman,Calvin,1021.025
482,Jordy Ceja,UC Davis,1020.912624
483,Joaquin Martinez De Pinillos,Wake Forest,1020.856499
484,Gashaw Duhamel,Tennessee,1020.824389
485,Makinnley Casey,Radford,1020.559519
486,John Tatter,Michigan,1020.416859
487,Scott Johnson,Air Force,1020.036638
488,Spencer Smith,Iowa,1020.025
489,Jack Polerecky,Loyola Marymount,1019.87429
490,Kipkirui Sammy,Tennessee Tech,1019.155264
491,Robert Tully,Tulsa,1018.736998
492,Bransen Thomas Stimpfel,Unattached,1018.660842
493,Tyler Fisher,Cornell,1018.639553
494,Ryan Lehmuth,Northern Colorado,1018.625
495,Brandon Hernandez,UNC-Greensboro,1017.936744
496,Matt Thornton,North Carolina,1017.870097
497,Henry Hayes,Portland,1017.575
498,Bennett Gagnon,Gonzaga,1017.530513
499,John Ward,Clemson,1017.275
500,Jack Guyton,Florida,1017.097948
501,Stephen Gray,High Point,1016.684519
502,Darian Sorouri,Stony Brook,1016.562138
503,Gabriel Kiprono,Tennessee Tech,1015.230264
504,Jackson Lewis,Arizona State,1015.010842
505,Steve Neumaier,Cornell,1014.914553
506,Dalton Hengst,Ole Miss,1014.784896
507,James Garst,East Tenn. St.,1014.186744
508,Miles Clikeman,Richmond,1014.105513
509,Nick Yeend,Indiana State,1013.55
510,Robinson Snider,Ole Miss,1013.5
511,Chandler Austin,Louisville,1013.471761
512,Gilbert Grundy,Jacuzzi Boys AC,1012.937624
513,Anthony Sasso,High Point,1012.859519
514,Nolan Dozier,St. Mary's (Cal.),1012.67429
515,Anthony Camerieri,Miami (Ohio),1012.25
516,Luis Martinez,Oklahoma State,1012.236684
517,Zach Stewart,Eastern Kentucky,1012.039668
518,Samuel Abascal,Eastern Kentucky,1011.96439
519,David Coffey,Miami (Ohio),1011.641859
520,Gabe Mudel,Michigan,1011.392819
521,Sean Miller,Simon Fraser,1011.385842
522,Jarrett Mattingly,Morehead State,1011.355264
523,Paxton Smith,Colorado,1011.1
524,Riley Campbell,Boise State,1010.684778
525,Josh Routh,East Tenn. St.,1010.511744
526,Michael Melgares,Kansas,1010.343814
527,Alex Rogers,Texas,1010.024495
528,Adam Wise,LSU,1009.875
529,Jakob Kintzele,Princeton,1009.592971
530,Tommy McDonough,Auburn,1009.575
531,Marlin Young,USC Upstate,1009.109519
532,Anthony Schmalz,Montana State,1008.703576
533,Alex Tam,Unattached,1008.5
534,Carlos Vargas,Simon Fraser,1007.785842
535,Matthew Watkins,Washington St.,1007.561998
536,Jordan Carrington,Morehead State,1007.530264
537,Mitch Halpern,Binghamton,1007.514553
538,ALBERT STEINER,Unattached,1007.425
539,Vincent Zona,Notre Dame,1007.424428
540,Stokton Smith,Utah State,1007.330513
541,Jared Pangallozzi,Johns Hopkins,1007.070097
542,Brad Cheek,Samford,1006.886744
543,Ryan Burd,Marquette,1006.5557
544,Jonathan Lee,UC Riverside,1006.25
545,Reed Brown,UNATTACHED-1,1005.95
546,Everett Smulders,Ole Miss,1005.8
547,Eion Nohilly,Georgetown,1005.776736
548,Nick Heath,Pepperdine,1005.74929
549,William Wise,Presbyterian,1005.434519
550,Trent Mandato,Furman,1005.42082
551,Charlie Harders,Unattached,1004.85
552,Anthony Ocegueda,Utah Valley,1004.441859
553,Darius Riley,Unattached,1004.210842
554,Joacim Zuniga,Texas Tech,1003.993409
555,Alec Hartman,Bradley,1003.936998
556,Matt Scarpill,St. Joseph's (Pa.),1003.839553
557,Stephen Haas,Northern Colorado,1003.8
558,Jayson Hines,Stony Brook,1003.520097
559,nathan Watson,Chattanooga,1003.311744
560,Cale Kilian,Indiana State,1002.675
561,Devin Wulff,Portland,1002.325
562,Dylan Hodgson,Kansas,1002.307842
563,Andrew Forsyth,Colorado St.,1002.271169
564,Hunter Davila,Arizona,1002.267985
565,Fraser Wilson,Unattached,1001.275
566,Sam Webb,Penn,1001.187284
567,Bobby Johnson,Butler,1001.167923
568,Eric Casarez,Oklahoma,1000.916859
569,John Bennett,Unattached,1000.660842
570,Gavin Cooper,East Tenn. St.,999.8117436
571,Alex Tomasko,Penn State,999.6995148
572,Tom Gardiner,Xavier (Ohio),999.2557
573,Nick Oakley,Eastern Illinois,999.15
574,Trevor Foley,Florida,998.9729481
575,Thomas Salas,Portland,998.825
576,Nick Brey,Tennessee,998.675
577,Curt Crossley,Weber State,998.3042743
578,Konnor Sommer,Iowa,997.775
579,Joshua Sealand,Strava TC,997.1358421
580,Matt Bomkamp,Charlotte,996.8369975
581,Nathan Gillis,La Salle,996.5645531
582,Ben Garner,Samford,996.3867436
583,Matt Prest,Saint Louis,995.675
584,Zephyr Seagraves,Texas A&M,995.4979481
585,Wesley Robinson,Tennessee,995.3
586,Said Guermali,Portland,995.0626238
587,Jack Manderscheid,Minnesota,994.8498136
588,Ben Butler,Kansas,994.7872193
589,Mark Bennett,Southern Utah,994.7785763
590,Michael Tardella,USC Upstate,994.7095185
591,Zac Thompson,Miami (Ohio),994.375
592,Jaime Marcos,Eastern Illinois,994.0033871
593,Paul Stafford,Florida State,993.941859
594,John Reniewicki,Arizona State,993.6358421
595,Kaleb McLeod,Belmont,993.5213422
596,Gus Newcomb,Colorado,993.35
597,James Cragin,Georgia Tech,992.9950973
598,Dustin Jutras,George Mason,992.9645531
599,Landon Skelly,SIU Edwardsville,992.7302642
600,Matthew Bouthillette,Georgetown,992.5336597
601,Matthew Edwards,Belmont,992.3892126
602,Tevin Brown,Akron,992.2888135
603,James Nedrich,Youngstown St.,992.25
604,Carter Christman,UNATTACHED-5,992.15
605,Max Barbour,Tennessee,992.075
606,Carter Christman,Una-3,991.8126238
607,Sage Church,Longwood,991.2345185
608,Jared Garcia,New Mexico,991.0659718
609,Jeff Roberts,Iowa,991.05
610,Steven Grolle,Strava TC,990.1608421
611,Dominic Dimambro,Michigan,990.0119975
612,Nikolai Rhodes,Air Force,989.975
613,Luke Sumerford,UNC-Greensboro,989.7117436
614,Kyle Kelly,Stony Brook,989.5200973
615,Jonathan Lauer,Columbia,989.3895531
616,Roberto Porras,Utah State,989.2796468
617,Paul Ryan,Washington St.,989.2704607
618,Cooper Schroeder,Kansas State,989.2684093
619,Anthony Stone,Lane CC,989
620,Adam Johnston,Tennessee,989
621,Ryan Cash,Indiana State,988.85
622,Nathan Pixler,Seattle U.,988.6876238
623,Brandt Preston,Texas A&M,988.6229481
624,Jonny Glen,New Mexico,987.8863096
625,Grant Gilbert,High Point,987.8095185
626,Brenden Allen,Unattached,987.8
627,Zach Litoff,Santa Clara,987.116859
628,Tyler Dozzi,British Columbia,986.7358421
629,Tyler Bowling,Purdue,986.6869975
630,Peter Lynch,Tulsa,986.6812404
631,Scott Kopczynski,Gonzaga,986.4992896
632,Paul Richardson,Samford,986.4867436
633,Aidan Livingston,Vanderbilt,986.075
634,Connor McMenamin,Bucknell,986.0700973
635,Andy Muha,Lane CC,985.95
636,Colin Wills,George Washington,985.8395531
637,Charlie Hunter,Una-4,985.6876238
638,Sigei Bernard,Tennessee Tech,985.6302642
639,Thomas George,Missouri,985.5376664
640,CJ Ambrosio,Duke,985.4370997
641,Anthony Berry,Michigan,985.1520289
642,Brendan Fraser,Notre Dame,984.65
643,Jacob Coccia,USC Upstate,984.4345185
644,Joe Riordan,Michigan State,983.9200717
645,Jack Anstey,Illinois State,983.741859
646,Daniel Viegra,Wake Forest,983.4665862
647,Jordan Lesansee,Air Force,983.45
648,Charlie Pope,San Jose St.,983.3358421
649,Nathan Longfellow,East Tenn. St.,983.3117436
650,Jason Vincze,Vanderbilt,983.3
651,Jordan Brannan,Iona,983.0267159
652,Jacob Truitt,Northwest Christian,983.025
653,Matt McBrien,Georgia Tech,982.6450973
654,Collin Buck,Montana State,982.2429854
655,Derek Basinger,Youngstown St.,982.15
656,Graham Brown,Arkansas,982.0643941
657,Max Norman,Portland State,981.8535763
658,Will Majercak,Dayton,981.6
659,Alex Slenning,Washington,981.1819909
660,Ashenafi Kidanu,Radford,981.1095185
661,Brad Swiney,Tennessee,980.675
662,Jacob Janzen,Oklahoma,980.416859
663,Josh Campbell,Northern Colorado,980.275
664,Jesse Todd,Lane CC,980.225
665,Maximilliano Martinez,Colorado St.,980.1869975
666,Sean Parker,Mercer,980.1867436
667,Cal Davidson-Turner,Seattle U.,979.9876238
668,Edgar Bonilla,San Jose St.,979.9608421
669,Marco Pompilj,Dartmouth,979.7991943
670,Brett Davidson,Boston U.,979.2450973
671,Robert Wagner,Minnesota,979.1796468
672,Robby Prescott,Eastern Illinois,978.875
673,Ethan Newland,George Mason,978.8145531
674,Drew Seidel,Portland State,978.7785763
675,Daniel Santino,Miami (Ohio),978.625
676,Cole Barkocy,Eastern Kentucky,978.5725368
677,Seth Hirsch,Wisconsin,977.9917484
678,Tim Bason,North Carolina St.,977.6077667
679,Matt Schumann,Portland,977.55
680,Robert Pedersen,Una-5,977.3126238
681,THOMAS CHASTON,COLORADO ST.,977.15
682,Mark Britt,Chattanooga,977.1367436
683,Adam Barnard,Georgetown,977.0513087
684,Lance Rambo,Michigan State,977.0119975
685,Jesse Allen,Idaho State,976.7236946
686,Charlie Perry,UNA-Stanford,976.6108421
687,Caleb Van Geffen,Vanderbilt,975.8
688,Jake Bertelsen,Miami (Ohio),975.725
689,Harrison Martingayle,LSU,975.65
690,Kyle Harris,Butler,975.5557
691,Wes McPhail,Texas A&M,975.4229481
692,Thomas Amabile,George Mason,975.3395531
693,Cobie Chavez-Killinger,Portland,975
694,Aidan Thompson,Belmont,974.9950182
695,Ryman Crone,UC Davis,974.7626238
696,Kyle Burdick,South Dakota St.,974.6805125
697,Travis Gallimore,Campbell,974.6095185
698,Gavin Jenkins,VMI,974.1617436
699,JOSH TORRES,Unattached,974.1
700,Paul Zeiss,California,973.891859
701,Georde Goodwyn,Tennessee,973.575
702,Jack Rose,UC Santa Barbara,973.2858421
703,Matt Blanco,Illinois State,972.925
704,Shane Streich,Minnesota,972.7796468
705,Dillon May,Montana,972.7785763
706,Seth Berdahl,Oregon,972.55
707,Michael Smith,Clemson,972.475
708,Pedro Nasta,Texas,972.3434093
709,Jacques Hebert,Seattle U.,972.3126238
710,Jackson Felkins,Pepperdine,972.2492896
711,Hunter Jutras,George Mason,971.8895531
712,Andrew Rafla,Boise State,971.8097777
713,Jack Rogers,Auburn,971.5
714,Blanton Gillespie,UNC-Asheville,971.4345185
715,Trelek Jones,UNC-Greensboro,971.2367436
716,Ryan Smeeton,Oklahoma State,971.1346668
717,Vinny Del Conte,Colorado St.,971.125
718,Britain Reynolds,Utah Valley,970.666859
719,Sam Bowers,Georgia,970.5736528
720,Jake Knoblich,Portland,970.225
721,Avery Felty,Unattached,970.225
722,John Kavulich,Una-10,969.9876238
723,Sean McDermott,Cal Poly,969.9858421
724,Grayson Ollar,Idaho,969.8785763
725,Nick Boogades,Tennessee,969.575
726,Jalen Frantal,Pepperdine,969.5742896
727,Arjun Jha,Indiana,969.5316955
728,Jackson Goodwin,Clemson,969.35
729,Grayson Jenkins,Xavier (Ohio),969.3307
730,Jacob Stupak,Bucknell,969.1950973
731,Matt Kingeter,UMBC,968.4645531
732,Justin Adams,VMI,968.3867436
733,Graham Parker,UNC-Asheville,968.3095185
734,Jeremy Romero,Northern Colorado,968.2
735,Conner Covey,Northwest Christian,968.025
736,Cameron Daly,Brown,967.9638135
737,Ben Monk,Seattle U.,967.7876238
738,Andrew Tighe,Dayton,967.6
739,Benjamin Davidson,Santa Clara,966.9742896
740,Nick Randazzo,UC Santa Barbara,966.7108421
741,Austin Tamagno,Oregon,966.6046468
742,Chase Howard,Creighton,966.3057
743,Noah Hufnagel,Indiana State,966.275
744,Oliver Rigg,Alabama,966.175
745,Joe Gorthy,Kansas State,966.0434093
746,Shane Henderson,Lane CC,965.95
747,Kevin Vinolas,Stony Brook,965.8950973
748,Kyle Kennedy,Seattle U.,965.6876238
749,Jonathan Boyd,Chattanooga,965.6117436
750,Vince Turner,Murray State,965.5302642
751,JOE BINDER,Unattached,965.325
752,Matthew Barrera,UNC-Asheville,965.2345185
753,Duncan Hamilton,Montana State,965.1573821
754,Cal Puskar,Buffalo,965.0645531
755,Thomas Thornton,Illinois State,965.05
756,Johnathan Chavez,Georgetown,964.8119975
757,Evan Suzman,Vanderbilt,964.675
758,Stefan Bradley,Gonzaga,964.4492896
759,Brian Griffith,Notre Dame,964.341859
760,Carson Bain,Northwest Christian,964
761,Alex Franklin,Seattle U.,963.6876238
762,Baylor Franklin,Ole Miss,963.3
763,Hunter Wharrey,Duquesne,963.225
764,Ethan Powell,Kansas State,962.9684093
765,Robert Zell,Mercer,962.8867436
766,Craig Schumacher,Youngstown St.,962.6
767,Miguel Bautista,Texas Tech,962.5455992
768,Isaiah Remington,Northern Colorado,962.5
769,Jared Coccia,USC Upstate,962.2095185
770,Eric Beyerle,UO Running Club,962.15
771,Paul Selden,Alabama,962.075
772,Cain Hassim,Southern Illinois,961.8869975
773,Fenn Hoppe,UC Davis,961.8126238
774,Sam Ellis,Princeton,961.6645531
775,Ryan Lee,Auburn,961
776,Robert Pedersen,UNATTACHED-3,960.425
777,Brandon Cooley,Iowa,960.2261935
778,Will Bullock,Eastern Illinois,960.225
779,Thomas Knepshield,UNC-Greensboro,960.2117436
780,Adam Walker,Saint Louis,960.2
781,Jackson Thomas,Auburn,960.075
782,Bradley Needles,UC Davis,960.0626238
783,Daniel Navarro,Georgia,960.0479481
784,Leif Everson,Boise State,959.8847777
785,Justice Ramos,Colorado,959.75
786,Preston Gromer,Pepperdine,959.5742896
787,Matthew Munns,Georgia Tech,959.3700973
788,Caleb Casolaro,Vanderbilt,959.3
789,Pete Decker,Radford,959.2345185
790,Christian Hubaker,Michigan,959.0119975
791,Andres Martinez,Northwest Christian,958.825
792,Alex Tucker,Auburn,958.675
793,Owen Bishop,Columbia,958.2895531
794,Edward Harpstead,Vanderbilt,958.175
795,Kai Benedict,California,958.1162834
796,Sean MacGregor,Dayton,957.925
797,Kyle Cloutier,UMass Lowell,957.8296468
798,Payton Ash,Alabama,957.8
799,Dalton Miles,UNC-Greensboro,957.6117436
800,Noah Karr,Alabama,957.575
801,Blake Roberts,Butler,957.5557
802,Erik Armes,Auburn,957.5
803,Isaac Sanchez,Northwest Christian,957.325
804,Meika Beaudoin-Rousseau,Stanford,957.2892942
805,Simeon Paul,Loyola Marymount,957.2492896
806,Arman Irani,UC Riverside,957.225
807,Gavin Hoffpauir,Texas A&M,957.1229481
808,Chase Watson,Northern Colorado,957.075
809,Aaron Ahl,Simon Fraser,956.9858421
810,Eli Boudouris,Seattle U.,956.8626238
811,Tristen Thomson,Sacramento St.,956.3285763
812,William Metcalf-Shull,Winthrop,956.3095185
813,Kenneth Hagen,Indiana,956.2119975
814,Wesley Gray,Austin Peay,956.1552642
815,Ben Matejka,Dartmouth,956.1450973
816,Grayson Mazziotti,Lane CC,955.95
817,Seth Conroy,Miami (Ohio),955.725
818,Michael Wheeler,UC Davis,955.4376238
819,Paul Nichols,Villanova,955.1458641
820,Colin Martin,Citadel,955.0867436
821,Josh Ward,Utah State,955.0046468
822,Solomon Demeku-Ousman,Loyola Marymount,954.9742896
823,Jack Hautz,Xavier (Ohio),954.7807
824,Dan Carrier,Northwest Christian,954.7
825,GABE FENDEL,Unattached,954.45
826,David Fitzgerald,Temple,954.3061474
827,Aaron Dugan,Saint Louis,954.3
828,Josh Gordon,UO Running Club,954.1376238
829,Michael Milic,British Columbia,953.8108421
830,Zach Wiberg,Weber State,953.8035763
831,Kevin Ganahl,Saint Louis,953.625
832,Casey Pugh,Lane CC,953.575
833,Brandon Burt,USC Upstate,953.4345185
834,Leonel Perez,Tennessee-Martin,953.1302642
835,JD Thorne,Utah State,953.0555125
836,Chad Sussman,Bucknell,952.9450973
837,Cameron Thompson,Una-9,952.9376238
838,Stuart Kendall,St. Mary's (Cal.),952.7492896
839,Isaiah Hanna,Western Carolina,952.6117436
840,Micah Conley,Unattached,952.575
841,Kevin Koski,Illinois State,952.066859
842,Noah Deck,DePaul,952.0557
843,Ansel Pendley-Griffin,Seattle U.,951.8626238
844,James Withers,Utah State,951.7309154
845,Jacob Davis,Lane CC,951.675
846,Garrett Grissim,Dayton,951.6
847,Ben Payton,Indiana State,951.425
848,Justin Pacifico,Florida,951.4229481
849,Adam Fragola,UC Davis,950.9126238
850,Ryle Hollick,Lane CC,950.9
851,Colin Daly,Penn,950.840307
852,Ryan Wilkie,Michigan,950.8119975
853,Alex Nemethy,U. of Victoria,950.6858421
854,Jonathan Loy,USC Upstate,950.6095185
855,Billy Magnesen,Illinois,950.4562404
856,Michael Hans,Georgia,950.3513797
857,Tyler Anderson,Lane CC,950.25
858,Vladimir Zander-Velloso,Mercer,950.2117436
859,Derek Lin,UC Davis,950.0626238
860,Matthew Kravitz,Lehigh,949.7700973
861,Jacob Lackey,Northwest Christian,949.7
862,Zach Robertson,Miami (Ohio),949.65
863,Ricky Faure,Wyoming,949.375
864,Lance Slichko,Seattle U.,949.3126238
865,Jacob Adams,Lane CC,949.275
866,Matthew Newland,Florida State,949.091859
867,Bishop Burns,Lane CC,948.975
868,Nathan Wellington,Montana,948.9035763
869,Diego Delaplane,Northwest Christian,948.8
870,Champ Davis,UO Running Club,948.75
871,Xolan Brown,UC Davis,948.6876238
872,Tyler Lay,Eastern Illinois,948.6
873,Branden Estrada,Loyola Marymount,948.5242896
874,Sean Macpherson,St. Joseph's (Pa.),948.3145531
875,Stephen Crocker,Seattle U.,948.1876238
876,Teddy Browning,Indiana,948.1869975
877,Kevin Pulliam,Notre Dame,948.1808123
878,William Sandin,UNC-Greensboro,947.8867436
879,Philip Sherwin,High Point,947.8345185
880,Jack McNabola,Unattached,947.8
881,Evan Talan,Seattle U.,947.7876238
882,Josh Kozelj,U. of Victoria,947.5858421
883,Solomon Faulkner,UO Running Club,947.4876238
884,Drew Cardinale,UO Running Club,947.3126238
885,Austin Tamagno,Una-6,947.2626238
886,Daniel White,Belmont,947.2302642
887,PHILIP HENRY,Unattached,946.95
888,Alex Gill,Marquette,946.7557
889,Oliver Hickson,Johns Hopkins,946.6200973
890,David Evans,Unattached,946.05
891,Sam Snodgrass,Duquesne,945.825
892,Tom Sullivan,Duke,945.6850656
893,Kevin Hall,Michigan,945.6119975
894,Josiah Jaqua,Mercer,945.6117436
895,Zachary Stallings,Washington St.,945.4662834
896,Joe Simmons,Idaho State,945.4127325
897,Neel Taber,Presbyterian,945.1095185
898,Ronaldo Delgado,Fresno State,944.6597777
899,Josh Ramos,Colorado,944.575
900,Ethan Kirk,Illinois State,944.375
901,Ross Walker,Sacramento St.,944.2785763
902,Sean Torpy,Miami (Ohio),944.2300867
903,Patrick Bruch,Marquette,944.1807
904,Jacob Branch,Michigan,944.1603726
905,Liam Harris,Providence,943.4950973
906,Jack Zemp,Wofford,943.3867436
907,Charlie Parrish,Kansas State,943.3684093
908,Isaac Bentz,Indiana State,943.1
909,Patrick Sullivan,Air Force,943.0869975
910,Will Griffen,Virginia Tech,943.0850656
911,Cameron Dean,Washington St.,942.8912834
912,Justin Dickman,Unattached,942.775
913,Matthew Founds,Fresno State,942.6347777
914,Logan Miller,USC Upstate,942.4345185
915,TOM OATES,Unattached,942.25
916,Isaac Barville,Eastern Washington,942.0535763
917,Caleb Garnica,Utah State,941.8796468
918,James Mas,Connecticut,941.7895531
919,Jack Carleo,Providence,941.6807
920,Jaden Uphoff,Fresno State,941.6597777
921,Marc Migliozzi,Akron,941.5138135
922,Max Trummer,British Columbia,941.4608421
923,Ryan Walker,Fresno State,941.3097777
924,Sebastian Francesconi,Miami (Ohio),941.275
925,Tyler Robakiewicz,Western Carolina,941.2367436
926,Noah Horsburgh,Boise State,941.0812404
927,Michael Viano,Fresno State,941.0347777
928,Karl Winter,Pepperdine,940.8492896
929,Sean Byrne,TCU,940.8434093
930,Nathan Burd,Fresno State,940.8347777
931,Alekos Mitchel,Fresno State,940.7097777
932,Josue Del Real,Fresno State,940.6597777
933,Ryan Wolff,Northern Arizona,940.6119975
934,Joe Carter,Eastern Illinois,940.4
935,Andrew King,Johns Hopkins,940.3950973
936,Colin Dwyer,Air Force,940
937,Tommy Osika,Unattached,939.85
938,Geoffrey McCullough,Hampton,939.8095185
939,Alex Sasser,Loyola Marymount,939.798806
940,Ian Reesh,Western Carolina,939.1617436
941,Joseph Garcia,Loyola Marymount,939.0742896
942,Jackson Cooper,Morehead State,938.7552642
943,Bailey McIntire,Purdue,938.5300442
944,Timothy Stevenson,Illinois State,938.5
945,John Gay,British Columbia,938.4358421
946,Logan Wetzel,Villanova,938.1869975
947,Luke Duggan,Northern Colorado,937.825
948,Shane Marshall,Sacramento St.,937.7785763
949,Matt Henderson,Baylor,937.725
950,Michael Guerrero,UT-Arlington,937.566859
951,Tim Wells,Pepperdine,937.3742896
952,Jonas Chimbanda,Dayton,937.25
953,Jacob Todd,UNC-Asheville,937.2345185
954,Andre Jordan,VMI,937.1367436
955,Jake Hanawalt,Purdue,937.1087591
956,George Espino,Southern Utah,936.8434379
957,Jordan De Spong,Nebraska,936.4329754
958,John Petruno,Unattached,936.1
959,Steven Stine,Michigan State,935.8119975
960,Brennan Lagerstrom,Santa Clara,935.7492896
961,Jordan Armstrong,Air Force,935.7
962,Colby Penn,Mt. SAC,935.4358421
963,Jack Conlon,George Washington,935.3645531
964,James McCoy,Wofford,935.1867436
965,Cole Lovett,Youngstown St.,935.1
966,Kyle Fulk,Notre Dame,935.025
967,Theo Burgwald,Purdue,934.9062404
968,Joshua Martin,Charleston Southern,934.7095185
969,Charlie McIntyre,DePaul,934.5557
970,Dawson Bathgate,UMass Amherst,934.2700973
971,Mason Labadie,St. Mary's (Cal.),934.1742896
972,Matthew Mangus,Youngstown St.,934.025
973,Carter Ledwith,Eastern Washington,933.7785763
974,Shane Bissell,California,933.7412834
975,Lakelin Conrad,TCU,933.6434093
976,Erik McMillan,Air Force,933.625
977,Declan McManus,Belmont,933.4064002
978,Austin Woodard,SIU Edwardsville,933.3552642
979,Josh Hendry,Wofford,933.3117436
980,Jack O'Neil,Miami (Ohio),933.125
981,Luke Landis,Ohio State,932.6429854
982,Jacob Pettinga,Calvin,932.525
983,Liam Kimball,UMass Lowell,932.5046468
984,Thomas Gallagher,Simon Fraser,932.4608421
985,Andrew Schilling,Wisconsin,932.4055125
986,Jason Klaassen,Calvin,932.3
987,Brady Harless,Xavier (Ohio),932.2807
988,Ryan Miller,Longwood,932.2345185
989,Oisin O'Gailin,Tennessee-Martin,932.2160796
990,Will Sponaugle,St. Joseph's (Pa.),932.1895531
991,Moises Medrano,California,932.1662834
992,Tyson Murray,Florida State,931.991859
993,MASON BROWN,Unattached,931.6
994,Spencer Strohm,Unattached,931.55
995,Dylan Christopher,UNC-Greensboro,931.4867436
996,Nathan Gift,Texas Tech,931.3684093
997,Brendan O'Toole,Bucknell,931.2450973
998,Reed Sahadevan,Tulsa,931.2119975
999,Tyler Janes,UCLA,930.9412834
1000,Andre Hillsman,Tennessee,930.9230637
1001,Brandon Christopher,Dayton,930.9
1002,Arturo Sotomayor,UCLA,930.6912834
1003,Thomas Penney,Saint Louis,930.35
1004,Nick Laning,Vanderbilt,930.2479481
1005,Tim Dwyer,Xavier (Ohio),930.0557
1006,Francesco Romano,Eastern Illinois,930
1007,Andrew Stafford,Portland State,929.9785763
1008,Ben Vertelney,Indiana State,929.875
1009,Zack Kochert,Presbyterian,929.8095185
1010,Fredrick Kanda,Eastern Kentucky,929.7687578
1011,Beck Classey,Wofford,929.7117436
1012,Andrew Tankersley,Air Force,929.65
1013,Ryan McGorty,William and Mary,929.5305125
1014,Jack Landgraf,UC Santa Barbara,929.5108421
1015,Alex Ortiz,Saint Louis,929.475
1016,John Rice,Texas,929.451608
1017,Matthew Bromley,Miami (Ohio),929.266859
1018,Nick Dolan,Saint Louis,929.175
1019,Lewis Tate,Michigan,929.0119975
1020,Ethan Frisone,Loyola Marymount,928.9762454
1021,Jack Randall,Calvin,928.975
1022,Tannock Blair,Saint Louis,928.9
1023,PRICE OWENS,UNA GTOWN,928.8638135
1024,Kane Dixon,Unattached,928.7
1025,Christian Bowles,Georgia Tech,928.2450973
1026,Santiago Ruiz,Sacramento St.,928.1785763
1027,Kevin Pack,Western Carolina,928.0117436
1028,Danny Peterson,Marquette,927.9057
1029,Jonah Henry,Wyoming,927.775
1030,Isaiah Quiambao,San Diego,927.7262454
1031,Jack Frimodig,UC Riverside,927.525
1032,Noel Preece,Longwood,927.4345185
1033,Brendan Taylor,Oklahoma,927.0434093
1034,Jun Reichl,Valor TC,926.5858421
1035,Jackson Pearce,San Diego,926.5512454
1036,Jason Rae,Portland State,926.4535763
1037,Justin Tucker,Western Carolina,926.3867436
1038,Ethan Kossover,Wichita State,926.1296468
1039,Will Kitzhaber,Air Force,925.95
1040,Matthew Mercer,Buffalo,925.8895531
1041,Matthew Cavanaugh,Marquette,925.8307
1042,Matthew Thomas,Kentucky,925.7638135
1043,Daniel Murphy,Iowa,925.4603471
1044,Johnny Kemps,Boston U.,925.2450973
1045,Banner Plumb,Presbyterian,925.1095185
1046,Samuel Knee-Robinson,Duquesne,925.1
1047,Dylan Scarsone,Georgetown,924.8119975
1048,Sam Katulich,Samford,924.8117436
1049,Patrick Bruce,San Diego,924.3512454
1050,Ryan Ioanidis,Air Force,924.175
1051,Andrew Burkhardt,California,924.0511329
1052,Cooper West,Montana State,924.0258545
1053,Istvan Szogi,Florida State,923.891859
1054,Tannor Wagner,Wisconsin,923.8555125
1055,Miles Christensen,Claremont-Mudd-Scripps,923.6858421
1056,Derek D'Amelia,St. Mary's (Cal.),923.3512454
1057,Diego Lavieri Sosa,Mercer,923.3117436
1058,Dwain Stucker,Idaho,923.1535763
1059,Shane Rigsby,Morehead State,923.1302642
1060,Shea Whatley,Texas Tech,922.9684093
1061,Duncan Gotfredson,Presbyterian,922.8345185
1062,Colin Yandel,Illinois,922.7869975
1063,William Brisman,Connecticut,922.7645531
1064,Logan Kitchen,Purdue Fort Wayne,922.725
1065,RYAN BIRKMEIER,Unattached,922.475
1066,Tommy Bell,St. Mary's (Cal.),922.4262454
1067,Michael Famiglietti,UMass Amherst,922.2700973
1068,John Luder,Kansas,922.1546468
1069,Scott McKenzie,Mercer,921.8867436
1070,Henry Harper,DePaul,921.8307
1071,Domenic Rehm,Eastern Washington,921.6035763
1072,Alex Riggsby,St. Mary's (Cal.),921.5512454
1073,Daniel Michalski,Indiana,921.0929854
1074,Ciaran O'Leary,Gonzaga,921.0555125
1075,Brendan Hebert,Texas,921.0434093
1076,ALEX SCALES,Unattached,920.85
1077,Noah Jacobs,Texas A&M,920.8479481
1078,Isaiah Rodarte,Adams State,920.8108421
1079,Brady Lance,St. Mary's (Cal.),920.7512454
1080,Zach Balleau,Murray State,920.6552642
1081,Jordan Howerton,UNC-Asheville,920.6095185
1082,Colin Alexander,UNC-Greensboro,920.5117436
1083,Justin Eipp,UC Riverside,920.4
1084,Ian Converse,San Diego,920.0262454
1085,Henry Mierzwa,Marquette,919.9057
1086,Matt Fusco,Cornell,919.6645531
1087,Griffin Butler,Ohio,919.6388135
1088,Ethan Steiner,San Diego,919.3512454
1089,Evan Addison,Pittsburgh,919.3200973
1090,GRIFFIN GANZ,Unattached,919.275
1091,Jeremy Shipley,Citadel,919.1867436
1092,Peter Cotsirilos,Cal Poly,919.025
1093,Chad Johnson,Iowa State,919.0239304
1094,James Fitzgerald,Northern Arizona,918.8869975
1095,Adam Fahey,Pepperdine,918.7262454
1096,Jack Rogers,Florida,918.6229481
1097,Coby Price,Hampton,918.4345185
1098,Karson Sommer,Iowa,918.4277584
1099,Cody Chism,Morehead State,918.2302642
1100,Nicholas Dinsdale,San Diego,918.1762454
1101,Logan Kleam,Central Michigan,918.1
1102,Daniel Lawton,Butler,918.0557
1103,Thomas Wilfert,UC Santa Barbara,917.9608421
1104,Marc Reiser,Mercer,917.9367436
1105,Eli Oftedal,Colorado St.,917.75
1106,Anthony Vazquez,St. Mary's (Cal.),917.7012454
1107,Marcus O'Leary,San Diego,917.2762454
1108,Andrew Akright,Charleston Southern,917.126806
1109,Ty Buckley,Michigan State,917.0119975
1110,Johnathan Drinkward,San Diego,916.9262454
1111,Lane Johnson,Citadel,916.7617436
1112,Octavio Rubio,San Diego,916.6512454
1113,Matt Inman,Charleston Southern,916.6138135
1114,Benjamin McDermott,Stony Brook,916.5895531
1115,Kyle Johnson,Pepperdine,916.4262454
1116,Kyle Levermore,Arkansas,916.4229481
1117,Alexander Korczynski,Northeastern,916.3950973
1118,Blair Bijeau,Winthrop,916.3095185
1119,Marshall Wheeler,Air Force,916.3
1120,Shane Knanishu,DePaul,916.2807
1121,Moses Bojorquez,St. Mary's (Cal.),916.2512454
1122,Zach Arias,Loyola Marymount,916.1512454
1123,Justin Touhey,Pepperdine,916.1262454
1124,Kyle Peterson,Montana,916.0035763
1125,Patrick Holbrook,Saint Louis,915.825
1126,Terry Young,Western Carolina,915.6367436
1127,John McGowan,Penn State,915.2875076
1128,Brayden Huddleston,Bradley,915.1869975
1129,Dane Blomquist,Adams State,915.1358421
1130,Justin Janke,Washington St.,915.1176866
1131,Nick Bailey,Northern Colorado,914.925
1132,Ben Vanderbosch,Montana,914.7535763
1133,Kellen Reeves,VMI,914.5617436
1134,Conor Fagan,DePaul,914.5557
1135,Matt Levonick,USC Upstate,914.2345185
1136,Sukhi Khosla,Oklahoma State,914.0812404
1137,Dylan Brenneman,Kansas State,913.9184093
1138,Ryan Peck,California,913.616859
1139,Calum Kepler,Wyoming,913.6
1140,Andres Delgado,UC Riverside,913.6
1141,Adam Hohlbein,Citadel,913.5617436
1142,Christopher Nowak,Buffalo,913.5395531
1143,Liam O'Connell,SIU Edwardsville,913.5302642
1144,Peter Rindfuss,Providence,913.4950973
1145,Brady Bobbitt,Penn State,913.4119975
1146,Bryce Hedman,Stony Brook,913.3546468
1147,Nicholas Monkemeyer,Creighton,912.8807
1148,Caleb Albrecht,Western Carolina,912.6367436
1149,Stevie Steinberg,Claremont-Mudd-Scripps,912.3608421
1150,Joshua Rogerson,Northern Colorado,912.325
1151,Patrick Sastre,Gardner-Webb,912.2095185
1152,Darr Smith,Georgia,912.1229481
1153,Walt Kitson,VMI,911.7617436
1154,Brandon Hontz,Penn State,911.6869975
1155,Connor Laktasic,Baylor,911.425
1156,Luke Ramirez,Portland State,911.3785763
1157,Paolo Tiongson,Marquette,911.2557
1158,Kaden Eaton,Belmont,911.2552642
1159,Adrian Jones,Utah Valley,911.141859
1160,Aric Kedge,Air Force,911.125
1161,Ryan Phillips,Chattanooga,910.9617436
1162,Dominic Morganti,Brown,910.6200973
1163,Drew Schultz,Idaho,910.3535763
1164,Devon Heisler,Citadel,910.2367436
1165,Ezekiel Martin,Gardner-Webb,910.2345185
1166,Bradley Davis,Miami (Ohio),910.0713952
1167,Johnny Leverenz,Butler,910.0168696
1168,Greg Tippmann,Purdue,910.0119975
1169,Luke Nolley,Air Force,910
1170,Eric Kersten,Lehigh,909.7308122
1171,Max McClelland,Marquette,909.6807
1172,Alex Barr,UC Santa Barbara,909.6108421
1173,Ben Boatwright,Wofford,909.5617436
1174,Ian Vickstrom,Portland State,909.4035763
1175,Luke Kerstiens,Indiana State,909.3
1176,Luke Phillips,Texas Tech,909.2684093
1177,Caleb Kawasaki,Murray State,909.0302642
1178,Micah Sneller,Chattanooga,908.9367436
1179,DAWSON BESST,Unattached,908.925
1180,Myers McKinney,Wake Forest,908.7850656
1181,Zach Kreft,Notre Dame,908.691859
1182,Andy Solano,Portland State,908.5285763
1183,Joshua Bell,Georgetown,908.3869975
1184,Walker Gibbs,Wofford,908.3867436
1185,Hunter Jarvis,Winthrop,908.3095185
1186,Haran Dunderdale,Bradley,908.3062404
1187,Jeremy Lozano,DePaul,908.1807
1188,Francis Oâ€™Brien,Citadel,907.9117436
1189,Matt Zacharias,Air Force,907.9
1190,Erik Engstrom,UMass Amherst,907.7700973
1191,Kyle Kredo,Montana,907.7035763
1192,Evan Schulte,Missouri,907.5879507
1193,Marek Nowak,Cornell,907.5145531
1194,Jack Moody,Wofford,907.4867436
1195,Chris Butler,Youngstown St.,907.225
1196,Ian Irizarry Negron,VMI,907.1367436
1197,Cameron Beal,Northern Colorado,906.925
1198,James Douglass,UC Santa Barbara,906.8858421
1199,Joshua Topham,Chattanooga,906.8617436
1200,Jackson Vroon,Belmont,906.8552642
1201,Maxwell Wehrle,Creighton,906.7557
1202,Zach Lauster,VMI,906.6367436
1203,Tyler White,Western Carolina,906.4617436
1204,Daniel Sims,Michigan State,906.4392379
1205,Edward Hayfron,High Point,906.4345185
1206,Eric Avalos,Citadel,906.3617436
1207,Dane Szalwinski,Wofford,906.3367436
1208,Luke Hoover,Dayton,906.266859
1209,Colton Egberg,Eastern Washington,906.2285763
1210,Magnus Pettersen,Florida,906.0479481
1211,Arturo Toro,Northern Colorado,906.025
1212,Austin Fred,Idaho,905.6035763
1213,Scott Beattie,Tulsa,905.4562404
1214,Sean Meehan,Providence,905.3807
1215,Aaron Bennett,Indiana,905.3619975
1216,Drew Lester,Air Force,905.2
1217,Jeremy Meadows,Baylor,905.2
1218,Jayson Maule,Portland State,905.0285763
1219,Tyler Marshall,Vermont,904.9450973
1220,Will Oglesby,Tennessee-Martin,904.7302642
1221,Chrishon Dollard,Longwood,904.6095185
1222,Brayden Law,Michigan State,904.5634313
1223,Robert Becker,Stony Brook,904.5395531
1224,Ben Cikutovich,Montana,904.5035763
1225,BLAKE HUBERT,Unattached,904.425
1226,Erik Gonzalez,Arizona State,904.1858421
1227,Jordan Perez,Xavier (Ohio),904.0557
1228,Jacob Stirpe,Eastern Washington,904.0285763
1229,Ryan Day,Baylor,903.9934093
1230,Michael Hahndorf,Bradley,903.9369975
1231,Kale Sharp,Utah Valley,903.891859
1232,Tristan Irish,Northern Colorado,903.7
1233,Drew Everett,UMass Lowell,903.6296468
1234,Noah Adams,Montana,903.6285763
1235,Caleb Seely,Idaho,903.3035763
1236,Ethan Sparks,Youngstown St.,903.225
1237,JONATHAN HORTON,Unattached,903.05
1238,Nicholas Mullineux Perrault,Eastern Washington,903.0285763
1239,Noah Stevenson,Kansas State,902.8434093
1240,Tyler Thatcher,Winthrop,902.8345185
1241,Anthony Lemus,Sacramento St.,902.8035763
1242,Andrew Dietrich,Xavier (Ohio),902.7807
1243,Jacob Christner,Eastern Washington,902.6535763
1244,Austin Del Rosso,Tulsa,902.6312404
1245,Abraham Maldonado,Sacramento St.,902.5785763
1246,Bryan Corbaz,Tulsa,902.5619975
1247,Jack Sloan,Eastern Washington,902.5535763
1248,Frank Rossi,Air Force,902.475
1249,Joseph Wittig,Air Force,901.95
1250,Pierce Flanders,Kansas State,901.7684093
1251,JAROD MOSER,Seton Hall,901.5557
1252,Derrick Evans,U. of Victoria,901.5108421
1253,Jacob Higa,Northern Colorado,901.475
1254,Alex Plasencia,Minnesota,901.4296468
1255,Dorrian Gordon,Saint Louis,901.275
1256,Luke Estes,Texas Tech,901.2369975
1257,Nick Pschunder,Rutgers,901.1579754
1258,Matt Wisner,Duke,901.1100656
1259,Nick Howell,Longwood,901.1095185
1260,AJ Kedge,Air Force,901.075
1261,Garrett Blenkush,Air Force,900.75
1262,Ackeen Colley,Oklahoma,900.7434093
1263,Jack Joyce,Virginia Tech,900.543344
1264,Chris Floyd,Air Force,900.475
1265,Blake Lowery,Florida,900.4229481
1266,Nate Fedel,Creighton,900.4057
1267,Cory Landon,Wichita State,900.4046468
1268,JACKSON SCHENONE,Unattached,900.25
1269,Nathan Buttry,Northern Colorado,900.1
1270,Wilson Young,Northern Colorado,900.025
1271,MATT GOECKEL,Unattached,900
1272,Jacob Dewitt,Southern Illinois,899.9619975
1273,Mitchell Sanders,Georgia Tech,899.8541244
1274,Patrick LaCour,TCU,899.7934093
1275,Roberto Castro,UNC-Asheville,899.4345185
1276,Sam Morton,Dartmouth,899.3700973
1277,Casey Conboy,Duquesne,899.35
1278,Ryan Taylor,DePaul,899.3307
1279,Geofrey Kemboi,Utah Valley,899.266859
1280,Aaron Brumbaugh,Santa Clara,898.9669824
1281,Henry Butz,TCU,898.9184093
1282,Sean Brown,Lehigh,898.897713
1283,Michael Renner,Arizona State,898.8608421
1284,Ben Wagoner,Bradley,898.7369975
1285,Dominic Dyer,Columbia,898.6645531
1286,Thomas Porter,Austin Peay,898.6552642
1287,Tyler Jones,Georgia,898.5296468
1288,Boston Small,Creighton,898.3057
1289,Tayvon Burris,Hampton,897.8095185
1290,Patrick Sheehan,North Carolina St.,897.7270873
1291,Thomas Nobbs,Washington,897.7046468
1292,Owen Krewson,Oklahoma State,897.5619975
1293,Noah Cummisford,Calvin,897.475
1294,Kurt Loevenstein,Kansas State,897.3434093
1295,Benjamin Bockoven,Xavier (Ohio),897.3307
1296,Jordy Hewitt,Michigan,897.0562404
1297,Michael Laughlin,Dayton,896.991859
1298,Ben Savino,Ole Miss,896.8628013
1299,Hezron Kiptoo,Austin Peay,896.7302642
1300,Travis Hodge,Kansas State,896.6684093
1301,Godwin Kimutai,Campbell,896.6200973
1302,Jack Davidson,Santa Clara,896.5713979
1303,Kavanaugh Fitzpatrick,UNWI,896.4369975
1304,Bradford DeMassa,Lehigh,896.4303713
1305,Tullus Dean,Xavier (Ohio),896.4057
1306,Chet Goerzen,U. of Victoria,896.2358421
1307,Joe Spriggs,Radford,896.2345185
1308,QUINN NICHOLSON,UNA GTOWN,896.1388135
1309,Nathan Nadal,UMBC,895.7645531
1310,Antony Kosgei,UTEP,895.65
1311,Krey Ramsey,Weber State,895.6044474
1312,Matt Gagen,DePaul,895.5557
1313,Tommy Consalvo,Quinnipiac,895.4910406
1314,Seth Brown,Baylor,895.4684093
1315,Braydon Rennie,Tulsa,895.3619975
1316,Dane Boegner,TCU,894.9684093
1317,Jackson Stamper,Creighton,894.7807
1318,Zac Hoyt,Winthrop,894.7095185
1319,John Tatter,North Carolina,894.3062404
1320,Dylan Brokmeyer,TCU,894.1684093
1321,Justin Allone,Seton Hall,894.0557
1322,Preston Cates,Arkansas,893.989202
1323,Carmeron Dickson,Northeastern,893.8950973
1324,Will Finch,Central Michigan,893.875
1325,Payton Stanley,TCU,893.8684093
1326,Blaine Stuart,TCU,893.6434093
1327,Ben Iten,Claremont-Mudd-Scripps,893.6358421
1328,Harrison Thomas,Vanderbilt,893.6229481
1329,Trevor Dominy,Charleston Southern,893.5877699
1330,Bryce Hoppel,Kansas,893.5796468
1331,Zach Black,Iowa State,893.4684093
1332,Nicholas Fraser,UNWI,893.3869975
1333,Kevin Menyes,Xavier (Ohio),893.3807
1334,Andrew Stanley,Liberty,893.2546468
1335,John Bapties,Longwood,893.2345185
1336,Aiden Smyth,Stony Brook,893.063737
1337,Tyler Smith,Austin Peay,893.0302642
1338,Sean Parker,Connecticut,892.8645531
1339,Cole Kretlow,Seton Hall,892.7557
1340,Chris Biondi,Stony Brook,892.6046468
1341,Noah Healy,Iowa,892.566859
1342,Austin Rendon,UN13,892.5296468
1343,Cooper Williams,Indiana,892.5119975
1344,Jaymee Domoney,Charleston Southern,892.5102049
1345,Liam Belson,UNA2,892.5046468
1346,Rusty Kujdych,Georgetown,892.2256643
1347,Aidan King,Creighton,892.1807
1348,Cal Johnston,Baylor,892.15
1349,Dylan Allen,Kentucky,892.0479481
1350,Peter Hayden,Ohio State,892.0329754
1351,John Oliver,Winthrop,891.8095185
1352,Theo Hassim,Southern Illinois,891.6869975
1353,Brandin Affrunte,Seton Hall,891.6807
1354,Sam Clausnitzer,Utah State,891.3058369
1355,RYAN McNEILLY,Seton Hall,891.2557
1356,Grayson Brookshire,Morehead State,891.2552642
1357,Tyler Smith,Brown,891.1950973
1358,Dillon Rising,George Fox,891.0608421
1359,Evan Mitchell,Bradley,890.9119975
1360,ASAl BLOOM,Seton Hall,890.8807
1361,Jacob Wozar,Seton Hall,890.5557
1362,Nick Deal,Florida,890.4979481
1363,Zach Weland,Duquesne,890.475
1364,Jamont Hike-Charles,Hampton,890.4345185
1365,Kimathi Johnson,Illinois State,890.391859
1366,Dominic Bruce,DePaul,890.2807
1367,Nick Kenville,Oklahoma State,890.1869975
1368,RICHARD STEPHENS,Seton Hall,890.0557
1369,Ethan Koza,Lehigh,889.9895531
1370,MATT LEMOINE,Seton Hall,889.9057
1371,Sirish Modhagala,Seton Hall,889.8307
1372,Bryce Shirley,Creighton,889.8057
1373,Meyer Makemsom,Murray State,889.5302642
1374,Matt Aho,Bradley,889.5119975
1375,Kiro Morkus,Presbyterian,889.1095185
1376,Micah Pratt,William and Mary,888.9805125
1377,Zach Cook,Missouri,888.9729481
1378,Thomas Laville,LSU,888.85
1379,Seth Slavin,Lehigh,888.5200973
1380,Brendan Hoff,U. of Victoria,888.5108421
1381,Bailey Hesse-Withbroe,Iowa,888.266859
1382,Patrick Walsh,Rutgers,888.0579754
1383,Kieran Schuetterle,Presbyterian,887.8595185
1384,Josh Romine,Duke,887.8109865
1385,Reid Parsons,Southern Illinois,887.7869975
1386,Colton Nettleton,Saint Louis,887.25
1387,David Leff,Binghamton,887.1395531
1388,Nick Porter,Bradley,886.8869975
1389,Nick O'Keeffe,Longwood,886.6845185
1390,Jacob Bryan,Southern Illinois,886.5119975
1391,Joseph Stone,SIU Edwardsville,886.2302642
1392,Todd Gunzenhauser,Charlotte,886.2119975
1393,Ryan Pitner,Miami (Ohio),886.166859
1394,Michael Church,Southern Illinois,885.9869975
1395,Mikolaj Krajewski,Unattached,885.9858421
1396,David Scherrer,Brown,885.8700973
1397,Fahd Nasser,Princeton,885.8119975
1398,Bennett Barnett,Texas Tech,885.6869975
1399,Jonathan Sandlund,Baylor,885.675
1400,Connor Hughes,Texas Tech,885.5869975
1401,Luke Harmon,Presbyterian,885.5595185
1402,Kyle Bussard,Ohio,884.9888135
1403,Joey Palumbo,Tennessee-Martin,884.6552642
1404,Jacob Korgan,Nebraska,884.5329754
1405,Jake Lane,Winthrop,884.4845185
1406,Shawn Hutchison,St. Joseph's (Pa.),884.3145531
1407,Andrew Pilat,Eastern Illinois,884.15
1408,Ian Eklin,Iowa,884.091859
1409,Will Kimball,Claremont-Mudd-Scripps,883.5108421
1410,Samuel Hermanns,Gardner-Webb,883.4595185
1411,Jack Shea,Northern Arizona,883.2815462
1412,PJ Murray,Johns Hopkins,883.2450973
1413,Austin Byrer,Weber State,883.149481
1414,Sam Williamson,Purdue Fort Wayne,882.675
1415,Bogdan Podgaisky,Gardner-Webb,882.4845185
1416,Reed Brown,Oregon,882.4589884
1417,Allen Clark,Furman,882.1829028
1418,Tom Moulai,Kentucky,882.0979481
1419,Corey Champion,Jacksonville St.,881.6552642
1420,Zaire Huyghue,Hampton,881.5595185
1421,Haydon Cooper,Utah State,881.4055125
1422,Barry Keane,Butler,881.3800269
1423,Micah Meindertsma,Calvin,881.25
1424,Jonny Toombs,U. of Victoria,881.0608421
1425,Jake Birdsong,Presbyterian,880.6845185
1426,Joe Grandizio,Boston U.,880.6450973
1427,Daniel Davis,Austin Peay,880.2302642
1428,Daniel Shaughnessy,Clemson,879.875
1429,Nathaniel Sayles,Gardner-Webb,879.8595185
1430,Eli Canal,Texas A&M,879.6979481
1431,Connor Hendrickson,Virginia,879.2350656
1432,Alex Johnson,Presbyterian,879.0845185
1433,Tyler Bradley,Murray State,878.8552642
1434,Joey Angelina,St. Joseph's (Pa.),878.7395531
1435,Alexander Hirsch,Claremont-Mudd-Scripps,878.6358421
1436,Taylor Clayton,Texas A&M,878.5729481
1437,John Lewis,Clemson,878.55
1438,Timothy Depue,Charleston Southern,878.3595185
1439,Gabriel Haughey,Portland,878.2312404
1440,Jordan Koczenasz,Dayton,878.141859
1441,Nick Feffer,Dartmouth,878.0700973
1442,Cole Clever,Morehead State,877.5302642
1443,Bryce Statham,Florida,877.4979481
1444,Matthew O'Neill,Duquesne,877.275
1445,Ethan Blevins,Charleston Southern,877.0595185
1446,Joshua Bowers,Charleston Southern,876.4845185
1447,Benjamin Drezek,UMass Lowell,876.4805125
1448,Chris Weiland,Mt. SAC,876.2358421
1449,Max Lehnhardt,Miami (Ohio),876.216859
1450,Robert Peck,Purdue Fort Wayne,876.025
1451,Jamie Granata,Cornell,875.9895531
1452,Jack Carmody,Vermont,875.5200973
1453,Christian Bird,Charleston Southern,875.4845185
1454,Andrew Comito,Rutgers,875.4579754
1455,Jacob Coccia,USC Upstate,875.0595185
1456,Alexander Mcclelland,Murray State,875.0302642
1457,Conor Murphy,Rutgers,874.9329754
1458,Colby Caviness,Clemson,874.8
1459,Mitchell Brown,Gardner-Webb,874.6845185
1460,Joe Limo,Radford,874.3595185
1461,Johnathan Condly,Temple,874.341859
1462,Dorian Jones,USC Upstate,874.0845185
1463,Luis Armendariz,Cal Poly,873.8608421
1464,Adam Huff,Charleston Southern,873.8595185
1465,Andrew Abel,Austin Peay,873.8552642
1466,Hayden Courrege,LSU,873.625
1467,Drew Thomas,Charleston Southern,873.5595185
1468,Trayvon Harris,Charleston Southern,873.4845185
1469,Keith Terry,Charleston Southern,873.4595185
1470,Joshua Clark,St. Joseph's (Pa.),873.2645531
1471,Genaro Anzalone,Rutgers,873.1579754
1472,Austin Scola,Providence,873.1250459
1473,Aaron Gebhart,Charlotte,873.0562404
1474,Darby Pillow,Morehead State,872.7302642
1475,Nick Hutchison,Rutgers,872.5579754
1476,Samuel Moran,Purdue Fort Wayne,872.5
1477,James Konugres,Santa Clara,872.491859
1478,Cade Hindley,Rutgers,872.1579754
1479,Nick Miller,Ohio State,872.0329754
1480,Billy Hill,Rutgers,871.9579754
1481,Will Berger,Rutgers,871.9329754
1482,Harrison Tillman,Texas A&M,871.9229481
1483,Riley Slone,Jacksonville St.,871.6552642
1484,Peter Weiss,George Fox,871.5108421
1485,Jeff Kirwin,Baylor,871.425
1486,Garek Bielaczyc,Texas,870.8009617
1487,Colin FitzGerald,California,870.666859
1488,Charlie Samarzich,SE Missouri,870.6302642
1489,Danny Daurio,Rider,870.5645531
1490,Brian Spolarich,Pittsburgh,870.4950973
1491,Alex Cornwell,Charlotte,870.4656603
1492,Oaklee Hauschild,Missouri,870.4229481
1493,Antonio Carbajal,UC Riverside,870.4
1494,Larry McNary,Tennessee St.,869.6552642
1495,Spencer Dodds,Virginia,869.6329236
1496,Blake Baldassaro,LSU,869.425
1497,Sean Sullivan,Boston College,869.2100656
1498,Charlie Harris,Claremont-Mudd-Scripps,869.1858421
1499,Andy Smith,Auburn,869.1229481
1500,Griffin Barger,Dayton,868.891859
1501,Nash Young,Austin Peay,868.7302642
1502,Matthew Estopinal,Vanderbilt,868.5479481
1503,Garrett Hamilton,LSU,868.5
1504,Jesse Millson,Florida,868.0229481
1505,Bobby Hastie,St. Joseph's (Pa.),867.8895531
1506,Joseph Redman,Austin Peay,867.8552642
1507,Jackson Higley,Saint Louis,867.6
1508,Christian Slone,Murray State,867.0052642
1509,Ben Weir,U. of Victoria,866.8858421
1510,Spencer Tsai,William and Mary,866.8305125
1511,Kyle Montgomery,LSU,866.725
1512,Thomas Mosley,Tennessee St.,866.1802642
1513,Alex Barton,Purdue Fort Wayne,865.9
1514,Lucas Mowery,Vanderbilt,865.6229481
1515,Grant Hauver,UMass Lowell,865.5200973
1516,Ryan Sharkey,Miami (Ohio),865.416859
1517,Tony White,Jacksonville St.,865.4052642
1518,Oscar Vazquez,Buffalo,865.2395531
1519,Patrick Perrier,Vanderbilt,865.2229481
1520,Isaiah Page,UTEP,865.125
1521,Kyril van Schendel,Claremont-Mudd-Scripps,865
1522,John Frieson,Tennessee St.,864.6802642
1523,Joshua Velasco,LA Harbor,864.6108421
1524,Brandon Shields,UC Riverside,864.4
1525,Nick Steele,Villanova,864.2004414
1526,Seth Emmenegger,Jacksonville St.,864.0052642
1527,Kurt Unger,Purdue Fort Wayne,863.725
1528,Donovan Mears,Temple,863.4768558
1529,Jeremiah Burns,Jacksonville St.,863.3802642
1530,Austin Rockstroh,Purdue Fort Wayne,863.1
1531,Cody Kingman,UMass Lowell,863.0700973
1532,Michael Wyman,Providence,862.8505354
1533,Marcus Abdul,Tennessee St.,862.8052642
1534,Anthony Hawthorne,La Salle,862.5895531
1535,Henry Huff,Baylor,862.525
1536,Martin Luevano,UTSA,862.3608421
1537,Nick Morrison,Jacksonville St.,862.2802642
1538,Trevor Reinhart,Yale,862.1305125
1539,Cole Klashinsky,UT-Arlington,862.116859
1540,Michael Lee,LSU,861.975
1541,Quintsontro Irby Jr.,Tennessee St.,861.8052642
1542,Allan Ortiz,UTEP,861.45
1543,Clayton Duchatschek,Wichita State,861.3929854
1544,Marcello Marrero,Jacksonville St.,861.3802642
1545,Dylan Sykes,Miami,861.2850656
1546,Russell Waters,Tennessee St.,861.0052642
1547,Jordan Finlay,Wis.-Green Bay,860.975
1548,Cole Ralenkotter,Morehead State,860.6802642
1549,Kendall Westhoff,UMass Amherst,860.6450973
1550,Michael Sims,UTEP,860.55
1551,Dan Lathrop,Illinois,860.5062404
1552,Josh Grogan,Morehead State,860.4052642
1553,Kevin Davis,Wis.-Green Bay,860.175
1554,Collin De Julio,Unattached,860.1358421
1555,Ryan Rafferty,Monmouth,859.9645531
1556,Kole Pettit,Jacksonville St.,859.8802642
1557,Whitlock Caleb,Purdue Fort Wayne,859.85
1558,Matthew O'Connor,SIU Edwardsville,859.8052642
1559,Michael Thompson,Tennessee St.,859.7802642
1560,Daniel Maes,UTEP,859.575
1561,Edgar Gonzalez,UTEP,859.35
1562,Jasper Rosenau,Wis.-Green Bay,859.15
1563,Daniel Connelly,Stony Brook,859.0429854
1564,Bryce Legois,Wis.-Green Bay,858.975
1565,Ben Ewert,Louisville,858.9600656
1566,Humberto Freire,Florida State,858.941859
1567,Andre Bollam-Godbott,Akron,858.8638135
1568,Adam Plough,Wis.-Green Bay,858.85
1569,Jacob Fierst,Wis.-Green Bay,858.775
1570,Dylan Dombi,Youngstown St.,858.75
1571,Matt Harper,Louisville,858.7100656
1572,Clark Otte,Butler,858.5113671
1573,Matthew Wiefels,Miami,858.4850656
1574,Henrik Anderson,Georgia Tech,858.2450973
1575,Martin Prodanov,Missouri,858.2413631
1576,James Hassell,Miami,858.1850656
1577,Samuel Fleischman,Miami,858.0850656
1578,Sean Newcomb,Southern Utah,858.0562404
1579,Sean Hagert,Miami,858.0100656
1580,Taj Bland,Miami,857.9850656
1581,Michael Ramirez,San Bernardino Valley,857.9608421
1582,Brett Haffner,Illinois State,857.416859
1583,David Vorbach,Columbia,857.3645531
1584,Jorge Estrella,Santa Clara,856.6444425
1585,James Wilkes,New Hampshire,855.8700973
1586,Alex Torres,Fresno Pacific,855.8108421
1587,Spencer Brown,Georgetown,855.5584248
1588,Solomon Fountain,Columbia,854.7895531
1589,Adam Herrera,Incarnate Word,854.441859
1590,Augostine Lisoreng,Liberty,854.4179854
1591,Daniel Maneloveg,San Francisco,854.3752751
1592,Chris Melgares,Kansas,854.0728894
1593,Nik Sjogren,Unattached,853.6858421
1594,Stephen Flanagan,Northeastern,853.5200973
1595,Steven Khan,California,853.016859
1596,James Maniscalco,Connecticut,852.2395531
1597,Adam Gonzalez,Fresno Pacific,851.5858421
1598,Justin Kelly,Stony Brook,851.1950973
1599,Jared Lautenslager,UT-Arlington,850.291859
1600,Angus White,Providence,849.948969
1601,Jack Tiernan,Wake Forest,849.8929854
1602,Eric Smart,UMBC,849.7145531
1603,Pedro Sepulveda,UTSA,849.5108421
1604,Isaac Davis,Penn State,849.4858544
1605,Luke Peterson,North Carolina,848.8950973
1606,Colton Johnsen,Washington St.,848.8713524
1607,Heath Warren,Oklahoma,847.691859
1608,Wilson Ives,Claremont-Mudd-Scripps,847.4608421
1609,Thomas Flannery,Buffalo,847.2145531
1610,Jesse Hunt,North Carolina,846.6138135
1611,Kendall Muhammad,Kentucky,846.5484647
1612,Cameron Field,Tulsa,846.1812404
1613,Devin Paredes,Adams State,845.4358421
1614,Garrett Condelario,Idaho State,845.4180248
1615,Mitchell Towne,Miami (Ohio),845.216859
1616,Seamus White,Arizona,844.9558971
1617,Peter Garmon,Connecticut,844.7395531
1618,Samuel Boone,Arkansas,844.2388135
1619,Deion Hardy,Incarnate Word,844.041859
1620,Evaristo Mateo,San Jose St.,843.4358421
1621,Kevin Lawson,Dayton,842.891859
1622,Jorge Perez,Oklahoma State,842.3528381
1623,Andrew Carlin,George Mason,842.2895531
1624,Neville Caulfield,Vermont,842.1450973
1625,Peter Borger,Richmond,842.0305125
1626,Jared Gonzalez-Perez,Utah Valley,841.766859
1627,Zach Marchinko,Charlotte,841.5812404
1628,Isaiah Lozano,UC Santa Barbara,841.4608421
1629,Jorge Quintero,Incarnate Word,840.691859
1630,Owen Wing,Penn State,840.2839935
1631,John Benner,Vermont,839.9450973
1632,Tim Euler,Monmouth,839.8645531
1633,Zach Gentry,Oklahoma,839.666859
1634,Alexander Roth,Penn,839.5638135
1635,Thomas Broatch,British Columbia,839.5108421
1636,Jake Hoffert,Bradley,839.3062404
1637,David Melville,Harvard,838.9429854
1638,Christian Raslowsky,Santa Clara,838.666859
1639,Tyler Dau,Florida State,837.691859
1640,Ralph Mendoza,Mt. SAC,837.5858421
1641,Robert Whitney,Cornell,837.4645531
1642,Greyson Winiger,Eastern Kentucky,837.2638135
1643,Paul Bete,Ohio State,836.8179854
1644,Andrew Doherty,Oklahoma,836.766859
1645,Luis Huerta,Mt. SAC,835.6858421
1646,Jonathon Connor,Connecticut,835.0895531
1647,Baptiste Jard,Incarnate Word,834.991859
1648,Harry Monroe,Virginia,834.9888135
1649,Ian Crowe-Wright,New Mexico,834.8312404
1650,Seth Eliason,Minnesota,834.7179854
1651,Kyle Vernot,Dayton,834.166859
1652,William Fallini-Haas,Unattached,833.8108421
1653,Robert Miranda,Yale,833.6305125
1654,Joshua Rahn,UMass Amherst,833.4950973
1655,Ben Harper,California,833.391859
1656,Victor Garifo,Stony Brook,832.7395531
1657,Trevor Warren,Kentucky,832.7388135
1658,Reese Jordan,Indiana,832.194575
1659,Manuel Carranza,Fresno Pacific,831.9858421
1660,Jake Gillum,Illinois State,831.916859
1661,Micah Mather,South Dakota St.,831.5805125
1662,Ian Denis,Vermont,831.3950973
1663,Evan Misuraca,Santa Clara,831.241859
1664,Chris Corcoran,Florida State,830.591859
1665,Michael Reilly,Georgia Tech,830.5138135
1666,Jake Smith,UTSA,830.1858421
1667,Christopher Gonzalez,Incarnate Word,829.391859
1668,Mark Myers,North Carolina,829.3200973
1669,Luke George,Oklahoma,828.841859
1670,jeremy dvorak,Unattached,828.4108421
1671,Israel Orihuela,Incarnate Word,828.316859
1672,Zachary Lanigan,Brown,828.3138135
1673,Paul Casavant,Cornell,828.0645531
1674,Hawk Call,Utah Valley,827.841859
1675,Connor Butterfield,UT-Arlington,827.416859
1676,Michael Mitchell,Lehigh,827.2700973
1677,Ian Kebenei,Arizona State,826.6608421
1678,Brandon Edmondson,Utah Valley,826.641859
1679,Bailey Timmons,Nebraska,826.5179854
1680,Kyle Burks,Indiana,826.3693896
1681,Spencer Herbstritt,Incarnate Word,826.316859
1682,Zach Zimmerman,Ohio,826.1388135
1683,John O'Hagan,Santa Clara,826.016859
1684,Jon Dooling,George Washington,825.7645531
1685,Derek King,Oklahoma,825.741859
1686,Ethan Donley,Kansas,825.5555125
1687,Eliseo Rodriguez,UT-Arlington,825.516859
1688,Lucas Capistrant,Illinois State,825.316859
1689,Nikolaus Moore,California,825.141859
1690,Brady Steele,UT-Arlington,825.016859
1691,Xander Olivero,Santa Clara,824.941859
1692,Adrian Hernandez Jr.,Mt. SAC,824.9358421
1693,Tyler Martin,Incarnate Word,824.891859
1694,Victor Bocanegra,UT-Arlington,824.866859
1695,Owen Hoeft,Minnesota,824.5179854
1696,Isaac Schmidt,Montana State,824.0049802
1697,Fearghal Curtin,Arizona State,823.5841794
1698,Gabe Peters,South Dakota St.,823.5805125
1699,Nick Norton,Lehigh,823.4895531
1700,Scott Pourshalchi,Johns Hopkins,823.2450973
1701,Adam Wilkinson,Claremont-Mudd-Scripps,823.2358421
1702,Craig Corti,Wake Forest,822.5429854
1703,Nick Shampoe,Arizona State,821.5608421
1704,Patrick Craemer,Una.,821.2395531
1705,Zack Penrod,Wichita State,820.5929854
1706,Rhys Kramer,British Columbia,819.9108421
1707,Patrick Lynch,William and Mary,819.7055125
1708,Jake Lonsdale,George Mason,819.0145531
1709,Chandler Maciel,Fresno Pacific,818.2858421
1710,Kellen Manley,Gonzaga,816.9850148
1711,Jacob Burgamy,Campbell,816.8277953
1712,Conner James,George Washington,816.8145531
1713,Alec Haines,Oklahoma State,816.6891533
1714,Chris Sobczak,Simon Fraser,816.6858421
1715,Jonathan Lomogda,Yale,815.9055125
1716,Alex Doran,Johns Hopkins,815.3950973
1717,Ryan Gallagher,Providence,815.1671793
1718,Brett Hickman,Unattached,815.1108421
1719,Ben Evans,Temple,814.6395531
1720,Matthew Arnold,Lamar,814.0305125
1721,Luca Chatham,UTSA,813.5858421
1722,George Letner,Kansas,813.3544582
1723,Victor Yegon,Lehigh,812.4895531
1724,Jonathan Pelham,Georgia,812.3013976
1725,Nathan Garcia,Cal St. Monterey Bay,812.0858421
1726,Josh Higgins,Pittsburgh,811.6200973
1727,James Brinyark,Alabama,810.6399722
1728,Mathew David,UTSA,810.6108421
1729,Evan Jerolaman,Monmouth,810.3645531
1730,Daniel Cohen,Penn,810.0714464
1731,Philip Hall,North Carolina St.,809.9062404
1732,Brian Kettle,Michigan State,809.8345166
1733,Ben McCoy,Brown,809.7700973
1734,Taylor Vroon,Belmont,809.5083826
1735,Daniel Fleace,Louisville,809.3179854
1736,Josh Rodriquez,UTSA,809.1608421
1737,Michael McDonald,UMass Amherst,807.9450973
1738,Isaiah Gonzalez,San Bernardino Valley,807.7358421
1739,Shaun Hopkins,Akron,807.6888135
1740,Kaeo Kruse,Harvard,807.5179854
1741,Kyle Griffith,Purdue,806.8521043
1742,Cameron Priest,Unattached,806.3358421
1743,Colin Cannon,George Mason,806.1645531
1744,Ryan Ansel,Quinnipiac,806.1450973
1745,Jakob Wickert,Akron,805.7638135
1746,Nick Rink,Minnesota,805.7429854
1747,Benjamin Eddy,Charleston Southern,805.5032629
1748,Charles Mills,Texas,805.0827571
1749,Josh Meyer,George Fox,804.9608421
1750,Tyler Rollins,Pittsburgh,804.3700973
1751,Conor Malanaphy,Stony Brook,804.0895531
1752,Ryan Johnston,Louisville,803.9929854
1753,Ariel Conde,LA Harbor,803.6108421
1754,Zachary Levet,William and Mary,803.2305125
1755,Davis Clark,New Hampshire,802.6200973
1756,Cole Hoff,Duke,802.4597259
1757,Roberto Mazzone,British Columbia,802.2858421
1758,Felix Kandie,Liberty,802.2429854
1759,Tyji Mays,Temple,802.0395531
1760,Cade Brown,Yale,801.5055125
1761,Mitchell Basher,U. of Victoria,800.9858421
1762,Reece Donihi,New Mexico,800.9264481
1763,Jackson Morton,Pittsburgh,800.8950973
1764,Nicholas Smart,La Salle,800.0145531
1765,Iolo Hughes,New Mexico,799.783906
1766,Carlos DeLaTorre,San Bernardino Valley,799.7108421
1767,Noah Carey,Penn,799.6437791
1768,Connor Delahanty,Johns Hopkins,799.1950973
1769,Alex Hanson,Central Arkansas,798.8179854
1770,Joel Swiatkowski,Cal St. Monterey Bay,798.4858421
1771,Kurt Convey,Penn,798.3138135
1772,Allen Siegler,Yale,798.1305125
1773,James Garbier,Northeastern,797.5200973
1774,Joseph Dicke,Arizona State,797.2858421
1775,Spencer Elmore,George Fox,796.1108421
1776,Quinn Serfass,Temple,796.0395531
1777,Andrew Matson,Georgia Tech,795.8700973
1778,Mauricio Ramos,San Bernardino Valley,795.6475676
1779,Daniel Smith,Tennessee-Martin,795.498162
1780,Luis Garcia,San Bernardino Valley,794.9608421
1781,Mason Gatewood,Penn,794.7388135
1782,Kyle Faddis,Boston College,794.2450973
1783,Matt Bodon,Monmouth,794.0895531
1784,Riley Collins,Montana State,793.8679854
1785,William Fuchs,Cal Poly Distance Club,793.8358421
1786,Lukas Nelson,South Dakota St.,793.2055125
1787,Scott Halsted,San Francisco,793.0815462
1788,Daniel Plunkett,SE Missouri,792.8743184
1789,Matthew Morris,Cal St. Monterey Bay,792.7358421
1790,Nick Doan,Liberty,792.2679854
1791,Javier Ubaldo,Unattached,791.6608421
1792,William Daly,Penn,791.2638135
1793,Brandon Tubby,North Carolina,791.0700973
1794,Justin Loquercio,Missouri,790.8458873
1795,Adam Klein,Arizona State,790.6108421
1796,Patrick Bayuex,Columbia,790.2645531
1797,Timothy Kaelin,George Fox,789.5858421
1798,Matthew Courtenay,Iona,789.5638135
1799,Nicolas Sevilla-Connelly,New Hampshire,789.5200973
1800,Charles Cooper,Duke,789.4571282
1801,Karson LeComte,Nebraska,789.0929854
1802,Koy Moore,Southern Utah,788.8849811
1803,Chase Ballard,Belmont,788.6447753
1804,Jonathan Matson,Fresno Pacific,788.5858421
1805,Tyler Fox,Georgia,788.4805125
1806,Tom Long,Rider,788.3895531
1807,Nathaniel Reichard,Georgia,788.3180826
1808,Stephen Schulz,Syracuse,787.9950973
1809,Evans Kipchumba,Tulane,787.5429854
1810,Caleb McClain,San Francisco,787.1440122
1811,Alex Mocarski,Cornell,786.5395531
1812,Will LaCroix,Vermont,786.4950973
1813,Connor Olson,Minnesota,786.0179854
1814,Jessi Cuellar,LA Harbor,785.7358421
1815,Joe Petty,Idaho State,785.4055125
1816,David Bergamasco,Charleston Southern,785.0048183
1817,Patrick Dye,Johns Hopkins,784.9950973
1818,Hunter Moore,Indiana,784.9062404
1819,Jacob Skarr,LA Harbor,784.8608421
1820,Liam Foster,Simon Fraser,784.0108421
1821,Brendan McGill,Bucknell,783.5200973
1822,Mitchell Poynter,Penn,782.9638135
1823,Morgan Cupp,Cornell,782.8645531
1824,Josh Gibbs,George Fox,782.3858421
1825,Brian Dengler,Bucknell,782.0700973
1826,Andrew Wolfert,Fresno Pacific,781.6108421
1827,Paul Squires,Liberty,781.5929854
1828,Liam Kennell,Southern Utah,781.5463457
1829,Carter Persyn,Arkansas,781.3638135
1830,Nicholas Ackerman,Una.,781.0645531
1831,Miles Owens,William and Mary,780.9805125
1832,Vincent Orta,Mt. SAC,780.8608421
1833,Chance Lamberth,Northeastern,780.6450973
1834,Myles Fleming,Nebraska,780.1429854
1835,Paul Buckingham,Simon Fraser,780.1358421
1836,Owen Buck,Virginia Tech,779.7888135
1837,Eric Baugh,Butler,779.4799046
1838,Rylan Larsen,George Fox,779.4358421
1839,Brian Cave,UMBC,779.2895531
1840,Ian Ritchie,Boston College,779.2450973
1841,Brendon Henkel,George Fox,778.7608421
1842,Lincoln Colby,Unattached,778.6241167
1843,Mark Provenzo,Duquesne,778.2388135
1844,Jonas Enders,Unattached,778.1358421
1845,Zack Snider,Wisconsin,778.1055125
1846,Panth Patel,Johns Hopkins,777.8700973
1847,Finbarr Warren,George Mason,777.5395531
1848,Ethan Samuels,Unattached,777.5358421
1849,Pedro Montoya,Wichita State,777.3179854
1850,Garrick Chan,Wolfpack Running Club,776.9608421
1851,Osman Humeida,Virginia Tech,776.7138135
1852,Jake Johnson,Texas,776.5732679
1853,Brett Hoerner,New Hampshire,776.5200973
1854,Azael Zamora,Unattached,776.4108421
1855,Braden Stremcha,Montana State,775.9429854
1856,Marcos Macias,Tennessee-Martin,775.9354902
1857,Zach Strader,Cal St. Monterey Bay,775.8858421
1858,Ed Belsoi,Cornell,775.8145531
1859,Psalm Ocampo,Unattached,775.3858421
1860,Garrett O'Toole,Arizona State,775.3305125
1861,Andrew Sell,Penn State,775.2138135
1862,Sawyer Maher,Boston College,775.1950973
1863,Seth Garcia,Fresno Pacific,774.9108421
1864,Colby Harper,George Fox,774.4608421
1865,John Spinelli,Monmouth,774.1145531
1866,Israel Haik,LA Harbor,774.0358421
1867,Johnny Hogue,Richmond,773.9805125
1868,Joey Eovaldi,Syracuse,773.8950973
1869,Stewart Fernandez,Fresno Pacific,773.6358421
1870,Derek Tao,Unattached,773.2608421
1871,Anthony Salgado,San Bernardino Valley,772.9108421
1872,Paul Knepple,Richmond,772.6305125
1873,Ian Moini,North Carolina,772.6200973
1874,Zack Kovar,UTSA,772.5858421
1875,Cameron Starr,Quinnipiac,772.4395531
1876,Logan Phillips,Cal St. Monterey Bay,772.3108421
1877,William Hare,Penn,772.2888135
1878,Humberto Guzman,San Bernardino Valley,772.0608421
1879,Amjed Aboukhadijeh,Syria National Team,771.8358421
1880,Brett Lombardi,Unattached,771.6358421
1881,Jeffory Phelps,San Bernardino Valley,771.4608421
1882,Joseph Silva,Cal St. Monterey Bay,771.3108421
1883,Antonio Hernandez,Unattached,771.1858421
1884,Adam Breaux,Tulsa,771.1562404
1885,Fernando Vidrio,San Bernardino Valley,771.0858421
1886,Michael Ha,Unattached,771.0108421
1887,Isaac Verduzco,LA Harbor,770.9608421
1888,Nickolas Rahawi,Cal St. Monterey Bay,770.9358421
1889,Spencer Carmen,Eastern Kentucky,770.8638135
1890,Maxwell Ireland,New Hampshire,770.1450973
1891,Davis Stockwell,Georgia,770.0055125
1892,Nick Cipolla,Stony Brook,769.1645531
1893,Greg Pelose,Boston U.,768.9450973
1894,Joseph Minor-Williams,South Dakota St.,768.7305125
1895,Zach Dale,Illinois,768.3312404
1896,Ben Osipow,Boston College,767.7700973
1897,Brandon Phillips,Cornell,767.5645531
1898,Tom Breuckman,South Dakota St.,767.4805125
1899,Finn Gessner,Wisconsin,766.9562404
1900,Jack Slagle,Nebraska,766.9179854
1901,Ryan Gillooly,UMass Lowell,766.6200973
1902,Paul Dellinger,Duke,766.2555125
1903,Matthew Goyden,Binghamton,765.9645531
1904,Michael Zedan,Ohio State,765.7179854
1905,Logan Hall,Illinois,765.6062404
1906,Will Eaton,Dartmouth,765.4950973
1907,Nate Mallue,Ohio,765.4138135
1908,Matthew Schaefer,Northeastern,764.3950973
1909,Steven Fiumefreddo,Hofstra,764.3895531
1910,Ricky Kuciemba,Idaho State,763.8555125
1911,Benjamin Klemmeck,Liberty,763.3429854
1912,Avery Lederer,Lehigh,763.3200973
1913,Gerard D'Ambrosio,American,762.8395531
1914,Kevin Monogue,Penn,762.8388135
1915,Curtis Reed,SE Missouri,762.7035222
1916,Logan Broedner,Boston U.,762.2700973
1917,Dray Carson,Wichita State,762.1929854
1918,Matt Stark,Idaho State,761.6799429
1919,Thomas Teachen,UMass Lowell,761.5305125
1920,Jake Avery,Cornell,761.3145531
1921,Kalin Petrov,UMass Amherst,761.2450973
1922,William Anderson,North Carolina St.,760.4562404
1923,Reilly Bloomer,Georgetown,760.3638135
1924,Dean Yost,New Hampshire,760.2450973
1925,Markus Schweikert,Central Arkansas,759.9679854
1926,Brian Keller,Northeastern,759.2450973
1927,Graham Baird,Iona,759.1638135
1928,Ben Bunch,St. Joseph's (Pa.),758.3395531
1929,Phillip Demers,UMass Lowell,758.2700973
1930,Julien Magallanes,Louisville,757.8429854
1931,Chris Gish,Vermont,757.3200973
1932,Matthew Kane,UMBC,756.8895531
1933,Ray Sellaro,Penn,756.8388135
1934,John Fish,Harvard,756.3950973
1935,Travis Thorne,Arizona,755.7679854
1936,Cole Dowdy,Kentucky,755.7138135
1937,Cornelius Kiprotich,Texas Tech,755.6062404
1938,Brian Arita,Lehigh,755.4950973
1939,Bryan Cabral,Monmouth,755.4645531
1940,Chace Hale,Kansas,755.0717627
1941,Chris Skelly,UMass Lowell,755.0555125
1942,Marcelo Rocha,Providence,754.6490074
1943,Jack Kalil,UMass Lowell,754.6200973
1944,Michael Widmann,Missouri,754.6138135
1945,Ben Barrett,North Carolina St.,754.4404503
1946,Shane Ramdeo,Temple,754.0645531
1947,Clay Austell,Alabama,754.0571955
1948,Lamek Keditukei,Utah Valley,754.0555125
1949,Ben Lanza,Quinnipiac,753.7700973
1950,Tanner Dowdy,Kentucky,753.5388135
1951,Derek Holmes,UMass Lowell,753.0555125
1952,Zachary Prescott,Boston U.,752.9450973
1953,Noah Corbett,Ohio State,752.8429854
1954,Daniel Muldoon,Buffalo,752.6895531
1955,John Crawford,New Hampshire,752.1450973
1956,Shem Kemboi,Arizona,751.9179854
1957,Matt Hynes,Vermont,751.3700973
1958,Tanis Baldwin,North Carolina St.,751.3493984
1959,Caleb McCurdy,Cornell,751.3395531
1960,Kennan Schrag,Washington St.,751.1562404
1961,Cameron Stephens,Louisville,751.0179854
1962,Kevin Peters,Johns Hopkins,750.6200973
1963,Alex Lucking,Richmond,750.2055125
1964,Alex Moen,Wichita State,750.1179854
1965,Steven Sum,Princeton,750.0145531
1966,Alexander Horgan,Boston College,749.8950973
1967,Jared Yabu,Brown,749.4888135
1968,Chris Theodore,Duke,749.3055125
1969,Collin Price,Harvard,749.2429854
1970,Michael Kolor,Harvard,749.1950973
1971,Jack Franklin,Bradley,749.0562404
1972,Colin Gallagher,St. Joseph's (Pa.),748.7145531
1973,Jaymee Domoney,Charleston Southern,748.5388135
1974,Ian Steller,Providence,748.5200973
1975,Harrison Maloy,UMass Lowell,748.4055125
1976,Ayrton Ledesma,Oklahoma State,748.1729032
1977,Jack Hilton,Quinnipiac,747.8700973
1978,Julien Jeandree,Central Arkansas,747.5679854
1979,Joe Boyle,La Salle,747.4145531
1980,Luke Petela,Vermont,747.2450973
1981,Jaron Hamilton,Central Arkansas,746.7679854
1982,Jacob Ondash,Akron,746.7138135
1983,Lenny Baumann,Tennessee-Martin,746.6662307
1984,Tom Hale,Brown,746.6450973
1985,Michael Weidenbruch,American,746.1395531
1986,Joseph Stark,Bucknell,746.0700973
1987,Jack Gooch,Lamar,745.8555125
1988,Stephen Mugeche,Missouri,745.8388135
1989,Billy McDevitt,Penn State,745.8373406
1990,Marcel Aubry,Boston U.,745.5200973
1991,Carlos Zervigon,Tulane,745.2429854
1992,Ryan Miele,Bucknell,744.9950973
1993,Jack Ikenberry,George Mason,744.8895531
1994,Benjamin Littmann,Bucknell,744.4950973
1995,Jacob Underwood,Liberty,744.4929854
1996,Nate Sloan,Pittsburgh,743.9950973
1997,Brock Collins,Central Arkansas,743.7679854
1998,Chris Thoms,UMBC,743.6645531
1999,Zach Beston,Boston College,743.5200973
2000,John Jaynes,Ohio,743.3138135
2001,Caleb Hummer,Illinois,743.2812404
2002,Evan Minor,Bucknell,743.0700973
2003,Connor McCabe,Arizona,743.0679854
2004,Patrick Sutphin,Richmond,742.7305125
2005,Ronan O'Shea,Brown,742.6450973
2006,Jake Heinauer,Duquesne,742.5138135
2007,James Hoffman,Monmouth,742.4645531
2008,Scotti Hamilton,Boston U.,742.3929854
2009,Ben Ruffing,Boston College,742.2450973
2010,Matthew Greatorex,UMass Lowell,741.8700973
2011,Mihret Coulter,Charlotte,741.5562404
2012,Aksel Laudon,Boston U.,741.5200973
2013,Dylan Servos,Buffalo,741.2895531
2014,Isaac Grosner,Vermont,741.1950973
2015,Jared Hamilton,Central Arkansas,741.1179854
2016,Chris Durr,SE Missouri,740.9316643
2017,Matt McGoey,Pittsburgh,740.8950973
2018,Jacob St. Onge,Quinnipiac,740.6200973
2019,Ryan Eastman,Nebraska,740.5179854
2020,Dylan Mclaughlin,New Hampshire,740.3700973
2021,Andrew Goldman,Virginia Tech,740.2638135
2022,Andrew Bearkland,Stony Brook,740.1395531
2023,Matthew Allen,Quinnipiac,739.9450973
2024,Matthew Walker,New Hampshire,739.7700973
2025,Eric Clay,Northeastern,739.6200973
2026,Michael Duggan,Northeastern,739.4950973
2027,Phillip Trajkovski,New Hampshire,739.3950973
2028,Matthew Burke,Quinnipiac,739.3200973
2029,Joseph Walsh,UMass Lowell,739.2700973
2030,Jeffrey Venter,Quinnipiac,739.2450973
2031,Joe Lazzaro,Quinnipiac,739.2450973
2032,James Kosbar,SE Missouri,739.1857191
2033,Ben Woodward,Rider,739.0145531
2034,Trey Burleson,Richmond,738.7055125
2035,Paul Arredondo,Charlotte,738.3062404
2036,Hugh Nicklason,San Francisco,738.2679854
2037,Trevor Dominy,Charleston Southern,738.2388135
2038,Cooper Leslie,William and Mary,738.1055125
2039,Jack Good,Lehigh,737.9145531
2040,Danny Galvin,Iona,737.6138135
2041,David Whitfield,Virginia Tech,737.0138135
2042,Josh Fontaine,UMass Lowell,736.9805125
2043,Josh Klein,Wichita State,736.8429854
2044,Paul Markovina,Hofstra,736.8395531
2045,Ian Russ,Providence,736.8312404
2046,Christopher Conrad,Missouri,736.4388135
2047,Nick Regas,Ohio State,736.3929854
2048,Griffin Bailey,SE Missouri,735.9055125
2049,Griffin McCauley,Brown,735.8888135
2050,Miguel Dickenson,American,735.7895531
2051,Thomas Cain,Central Arkansas,735.5679854
2052,Andrew Hally,Penn,735.4562404
2053,Steve Bauers,Ohio State,735.1929854
2054,Daniel Golden,Texas,734.8062404
2055,Nathaniel Howe,Binghamton,734.7395531
2056,Zak Kirk,Eastern Kentucky,734.1812404
2057,Nick Stricklen,Akron,733.9388135
2058,Alexzander Schell,Tennessee-Martin,733.9179854
2059,Matthew Agosta,Ohio,733.5138135
2060,Ryan Matson,Arizona,733.3929854
2061,Tom Coe,Tulane,732.9679854
2062,Daniel Gahagan,Binghamton,732.7145531
2063,Michael Wilson,New Mexico,732.4929854
2064,Elliot Dee,Iona,732.4062404
2065,JAKE McENEANEY,UNA UNC,732.3888135
2066,Joshua Cheruyot,Tulane,732.3679854
2067,Timothy Dye,Tennessee-Martin,732.2679854
2068,Luke Laverdiere,Harvard,732.1929854
2069,James Hill III,Tulane,732.1429854
2070,Kyle Garcia,Lamar,732.1305125
2071,Ben Flowers,Wichita State,732.1179854
2072,Alex Lomong,Ohio State,732.1179854
2073,Thierry Siewe Yanga,Virginia Tech,732.0638135
2074,Kerry Gschwendtner,Bradley,731.8562404
2075,Sam Costa,Georgia Tech,731.7638135
2076,Paul Housey,George Washington,731.7395531
2077,Landin Delaney,Bucknell,731.4888135
2078,Alec Danner,Bradley,731.3312404
2079,ISAIAH CLAIBORNE,UNA PSU,731.2388135
2080,Jack Bradley,Georgia,731.2305125
2081,Seth Gard,Ohio,731.0138135
2082,Michael Benoit,Texas Tech,730.8312404
2083,Zak Ahmad,Penn,730.8138135
2084,Sean Egan,Temple,730.7895531
2085,Nejc Ferle,Lamar,730.7555125
2086,Czar Tarr,Ohio,730.6388135
2087,Brian Warsh,Iona,730.4888135
2088,JACOB McKENNA,UNA,730.3638135
2089,Armstrong Noonan,Yale,730.1805125
2090,Dan Uhranowsky,Pittsburgh,730.1138135
2091,NICK SUMMERLIN,UNA,730.1138135
2092,James Stockings,Lamar,730.0305125
2093,Ryan Riddle,Tulsa,729.9062404
2094,Conor Naughton,Central Michigan,729.9055125
2095,Aidan Caggiano,American,729.8645531
2096,Will Laird,Yale,729.8055125
2097,Trevor Falco,SE Missouri,729.6305125
2098,Nick Yaeger,SE Missouri,729.5805125
2099,Ty Brownlow,Georgetown,729.4812404
2100,Grant LaSelle,Texas Tech,729.0812404
2101,Hugh O'Connor,UMBC,728.9645531
2102,Christian Alberico,Iona,728.3062404
2103,Matthew Brown,Rider,728.0895531
2104,Cole Sandvold,Princeton,727.2395531
2105,Stephen Alvarez,Texas Tech,726.8062404
2106,Michael Pavicic,Monmouth,726.4145531
2107,Jack Lalonde,Illinois,726.0062404
2108,Jacob Hernandez,San Francisco,725.8562404
2109,Wyatt McIntrye,Illinois,725.6312404
2110,Bradley Arbaugh,UMBC,725.6145531
2111,Ben Bumgarner,Penn State,725.5562404
2112,Joseph Wilson,Charlotte,725.5062404
2113,Brandon Parrado,New Mexico,725.4812404
2114,Paul Catalano,Stony Brook,724.8145531
2115,Daniel Dombrowiecki,Monmouth,724.0395531
2116,Evan Kaiser,Temple,723.2895531
2117,Caleb Brown,American,722.5645531
2118,Tosin Ibironke,Hofstra,721.8645531
2119,Kevin Van Vorst,Cornell,720.5395531
2120,Taylor Baranoski,UMBC,719.9145531
2121,Matt Farrell,Monmouth,719.3145531
2122,Max Lustig,American,718.7395531
2123,Brendan Foley,Stony Brook,717.6395531
2124,Sam Earley,La Salle,717.1145531
2125,Daniel Robinson,George Washington,716.6145531
2126,Isaiah Jean-Baptiste,Rider,716.1395531
2127,Kevin Heredia,Rider,715.6895531
2128,Miles Smith,UMBC,715.2645531
2129,Adam VanValkenburgh,Binghamton,714.8645531
2130,John Pagliaro,American,714.4895531
2131,Ben Jacobson,Princeton,714.1395531
2132,Sam Brosh,UMBC,713.8145531
2133,Peter Antonetti,UMBC,713.5145531
2134,Will Spector,Rider,713.2395531
2135,Scott Ruskan,Rider,712.7395531
2136,Dante Perez,Hofstra,712.5145531
2137,Marc Meltzer,Hofstra,712.3145531
2138,Andrew Lazorcak,Rider,712.1395531
2139,Eric Collado,Rider,711.9895531
2140,Rani Marhaba,Binghamton,711.8645531
2141,Mike Mazzei,Rider,711.7645531
2142,Grayson Hoteling,Binghamton,711.6895531
2143,Conor Duffy,Rider,711.6395531
2144,John McMahon,Quinnipiac,711.6145531
2145,Jake Zappala,Rider,711.6145531
